

-- 1. Role table seed data
INSERT INTO role (id, name, description) VALUES
(1,'Admin_Manager', 'Manager, Receptionist and General Administration staff'),
(2, 'Trainer', 'Instructors and trainers'),
(3, 'Member', 'All subscribed users and members')
;

-- 2. Admin table seed data
INSERT INTO admin (id, role_id, first_name, last_name, email, password, gender, date_of_birth, phone_number, address, isactive, notes) VALUES
(1, 1, 'Elizabeth', 'Venz', 'elizabethvenz.admin@example.com', 'password789', 'Female', '1985-01-01', '1234567890', '789 Antigua St, Addington', 1, null);

-- 3. Trainer table seed data
INSERT INTO trainer (id, role_id, first_name, last_name, email, password, gender, date_of_birth, phone_number, address, isactive, notes) VALUES
(1, 2, 'Hido', 'Dai', 'hidodai@example.com', 'password123', 'Male', '1990-01-01', '1234567890', '123 St Heliers Bay Rd, St Heliers', 1, null),
(2, 2, 'Penelope', 'Sole', 'penelopesole@example.com', 'password321', 'Female', '1979-10-11', '027-3257980', '123 Main St, Lincoln', 1, null),
(3, 2, 'Amy', 'Ferguson', 'amyferg@example.com', 'password987', 'Female', '1985-08-11', '021-3254567', '789 Third St, Lincoln', 1, null),
(4, 2, 'Elizabeth', 'Venz', 'elizabethvenz@example.com', 'password789', 'Female', '1985-01-01', '1234567890', '789 Antigua St, Addington', 1, null),
(5, 2, 'Emily', 'Smith', 'emilysmith@example.com', 'password123', 'Female', '1983-01-01', '1234567890', '123 Main St, Addington', 1, null),
(6, 2, 'Annabel', 'Lucy', 'annabellucy@example.com', 'password456', 'Female', '1990-01-01', '1234567890', '123 St Heliers Bay Rd, St Heliers', 1, null),
(7, 2, 'Jack Oswald', 'White', 'jackoswaldwhite@example.com', 'password654', 'Male', '1940-04-25', ' 1-465 555 0111', 'Arkham Asylum, Gotham City', 1, null),
(8, 2, 'Chiangpo', 'Jiang', 'chiangpojiang@example.com', 'password678', 'Male', '1975-08-11', '021-3254567', '789 Second St, Rangiora', 1, null),
(9, 2, 'Vicki', 'Hall', 'vickihall@example.com', 'password876', 'Female', '1972-01-01', '1234567890', '789 Antigua St, Addington', 1, null),
(10, 2, 'Tom', 'Cruise', 'tomcruise@example.com', 'password124', 'Male', '1969-10-11', '1234567890', '123 Higher St, Cashmere', 1, null);



-- 4. Member table seed data
INSERT INTO member (id, role_id, first_name, last_name, email, password, gender, date_of_birth, phone_number, address, isactive, notes) VALUES
(1, 3, 'Miao', 'Sang', 'miaosang@example.com', 'password456', 'Female', '1995-01-01', '1234567890', '456 Kohimarama Rd, Mission Bay', 1, null),
(2, 3, 'John', 'Doe', 'johndoe@example.com', 'password123', 'Male', '1990-01-01', '555-1234', '123 Main St', 1, null),
(3, 3, 'Jane', 'Doe', 'janedoe@example.com', 'password456', 'Female', '1992-02-02', '555-5678', '456 Oak St', 1, null),
(4, 3, 'Bob', 'Smith', 'bobsmith@example.com', 'password789', 'Male', '1985-03-03', '555-2468', '789 Maple Ave', 1, null),
(5, 3, 'Mary', 'Johnson', 'maryj@example.com', 'password123', 'Female', '1991-04-04', '555-7890', '456 Elm St', 1, null),
(6, 3, 'Alex', 'Brown', 'alexb@example.com', 'password456', 'Male', '1993-05-05', '555-2345', '789 Oak St', 1, null),
(7, 3, 'Linda', 'Davis', 'lindad@example.com', 'password789', 'Female', '1987-06-06', '555-6789', '123 Maple Ave', 1, null),
(8, 3, 'Dave', 'Wilson', 'davew@example.com', 'password123', 'Male', '1992-07-07', '555-3456', '456 Elm St', 1, null),
(9, 3, 'Emily', 'Moore', 'emilym@example.com', 'password456', 'Female', '1990-08-08', '555-7890', '789 Oak St', 1, null),
(10, 3, 'Tom', 'Taylor', 'tomt@example.com', 'password789', 'Male', '1988-09-09', '555-2345', '123 Maple Ave', 1, null),
(11, 3, 'Rachel', 'Clark', 'rachelc@example.com', 'password123', 'Female', '1994-10-10', '555-6789', '456 Elm St', 1, null),
(12, 3, 'Steven', 'Lee', 'stevenl@example.com', 'password456', 'Male', '1986-11-11', '555-3456', '789 Oak St', 1, null),
(13, 3, 'Samantha', 'Garcia', 'samanthag@example.com', 'password789', 'Female', '1995-12-12', '555-1234', '123 Main St', 1, null),
(14, 3, 'Michael', 'Jones', 'michaelj@example.com', 'password123', 'Male', '1989-01-13', '555-5678', '456 Oak St', 1, null),
(15, 3, 'Laura', 'Martin', 'lauram@example.com', 'password456', 'Female', '1993-02-14', '555-2468', '789 Maple Ave', 1, null),
(16, 3, 'Brian', 'Wilson', 'brianw@example.com', 'password789', 'Male', '1985-03-15', '555-1234', '123 Main St', 1, null),
(17, 3, 'Stephanie', 'Taylor', 'stephaniet@example.com', 'password123', 'Female', '1992-04-16', '555-5678', '456 Oak St', 1, null),
(18, 3, 'David', 'Clark', 'davidc@example.com', 'password456', 'Male', '1986-05-17', '555-2468', '789 Maple Ave', 1, null),
(19, 3, 'Emily', 'Miller', 'emilymiller@example.com', 'password456', 'Female', '1995-01-01', '1234567890', '456 Kohimarama Rd, Mission Bay', 1, null),
(20, 3, 'Alexander', 'Lee', 'alexanderlee@example.com', 'password123', 'Male', '1990-01-01', '555-1234', '123 Main St', 1, null),
(21, 3, 'Isabella', 'Rodriguez', 'isabellarodriguez@example.com', 'password456', 'Female', '1992-02-02', '555-5678', '456 Oak St', 1, null),
(22, 3, 'Benjamin', 'Chen', 'benjaminchen@example.com', 'password789', 'Male', '1985-03-03', '555-2468', '789 Maple Ave', 1, null),
(23, 3, 'Sophia', 'Carter', 'sophiacarter@example.com', 'password123', 'Female', '1991-04-04', '555-7890', '456 Elm St', 1, null),
(24, 3, 'Ethan', 'Davis', 'ethandavis@example.com', 'password456', 'Male', '1993-05-05', '555-2345', '789 Oak St', 1, null),
(25, 3, 'Olivia', 'Johnson', 'oliviajohnson@example.com', 'password789', 'Female', '1987-06-06', '555-6789', '123 Maple Ave', 1, null),
(26, 3, 'William', 'Brown', 'williambrown@example.com', 'password123', 'Male', '1992-07-07', '555-3456', '456 Elm St', 1, null),
(27, 3, 'Charlotte', 'Wilson', 'charlottewilson@example.com', 'password456', 'Female', '1990-08-08', '555-7890', '789 Oak St', 1, null),
(28, 3, 'Samuel', 'Garcia', 'samuelgarcia@example.com', 'password789', 'Male', '1988-09-09', '555-2345', '123 Maple Ave', 1, null),
(29, 3, 'Amelia', 'Thompson', 'ameliathompson@example.com', 'password123', 'Female', '1994-10-10', '555-6789', '456 Elm St', 1, null),
(30, 3, 'Lucas', 'Nguyen', 'lucasnguyen@example.com', 'password456', 'Male', '1986-11-11', '555-3456', '789 Oak St', 1, null),
(31, 3, 'Grace', 'Patel', 'gracepatel@example.com', 'password789', 'Female', '1995-12-12', '555-1234', '123 Main St', 1, null),
(32, 3, 'Jacob', 'Kim', 'jacobkim@example.com', 'password123', 'Male', '1989-01-13', '555-5678', '456 Oak St', 1, null),
(33, 3, 'Mia', 'Williams', 'miawilliams@example.com', 'password456', 'Female', '1993-02-14', '555-2468', '789 Maple Ave', 1, null),
(34, 3, 'Henry', 'Chen', 'henrychen@example.com', 'password789', 'Male', '1985-03-15', '555-1234', '123 Main St', 1, null),
(35, 3, 'Ava', 'Jackson', 'avajackson@example.com', 'password123', 'Female', '1992-04-16', '555-5678', '456 Oak St', 1, null),
(36, 3, 'Noah', 'Davis', 'noahdavis@example.com', 'password456', 'Male', '1986-05-17', '555-2468', '789 Maple Ave', 1, null)
;

-- 5. Account table seed data
INSERT INTO account (id, member_id, balance, last_subscription_payment, contract_startdate, contract_lastdate) VALUES
(1,1, 0, '2023-03-01 10:00:00', '2022-04-09', '2023-04-09'),
(2,2, 0, '2023-03-01 10:00:00', '2022-08-28', '2023-08-28'),
(3,3, 100, '2023-03-01 10:00:00', '2022-03-31', '2023-03-31'),
(4,4, 100, '2023-03-01 10:00:00', '2022-09-27', '2023-09-27'),
(5,5, 0, '2023-03-01 10:00:00', '2022-10-27', '2023-10-27'),
(6,6, 60, '2023-03-01 10:00:00', '2022-11-26', '2023-11-26'),
(7,7, 292, '2023-03-01 10:00:00', '2022-10-22', '2024-10-21'),
(8,8, 312, '2023-03-01 10:00:00', '2022-11-21', '2024-11-20'),
(9,9, 332, '2023-03-01 10:00:00', '2022-12-21', '2024-12-20'),
(10,10, 0, '2023-03-01 10:00:00', '2022-12-26', '2023-12-26'),
(11,11, 200, '2023-03-01 10:00:00', '2023-01-25', '2024-01-25'),
(12,12, 132, '2023-03-01 10:00:00', '2023-02-24', '2024-02-24'),
(13,13, 152, '2023-03-01 10:00:00', '2022-03-26', '2024-03-25'),
(14,14, 172, '2023-03-01 10:00:00', '2022-04-25', '2024-04-24'),
(15,15, 192, '2023-03-01 10:00:00', '2022-05-25', '2024-05-24'),
(16,16, 212, '2023-03-01 10:00:00', '2022-06-24', '2024-06-23'),
(17,17, 232, '2023-03-01 10:00:00', '2022-07-24', '2024-07-23'),
(18,18, 252, '2023-03-01 10:00:00', '2022-08-23', '2024-08-22'),
(19,19, 0, '2023-03-01 10:00:00', '2021-04-30', '2022-04-30'),
(20,20, 0, '2023-03-01 10:00:00', '2021-08-28', '2022-08-28'), 
(21,21, 100, '2023-03-01 10:00:00', '2021-03-31', '2022-03-31'),
(22,22, 100, '2023-03-01 10:00:00', '2021-09-27', '2022-09-27'),
(23,23, 0, '2023-03-01 10:00:00', '2021-10-27', '2022-10-27'),
(24,24, 60, '2023-03-01 10:00:00', '2021-11-26', '2022-11-26'),
(25,25, 292, '2023-03-01 10:00:00', '2021-10-22', '2023-10-21'),
(26,26, 312, '2023-03-01 10:00:00', '2021-11-21', '2023-11-20'),
(27,27, 332, '2023-03-01 10:00:00', '2021-12-21', '2023-12-20'),
(28,28, 0, '2023-03-01 10:00:00', '2021-12-26', '2022-12-26'),
(29,29, 200, '2023-03-01 10:00:00', '2022-01-25', '2023-01-25'),
(30,30, 132, '2023-03-01 10:00:00', '2022-02-24', '2023-02-24'),
(31,31, 152, '2023-03-01 10:00:00', '2021-03-26', '2023-03-25'),
(32,32, 172, '2023-03-01 10:00:00', '2021-04-25', '2023-04-24'),
(33,33, 192, '2023-03-01 10:00:00', '2021-05-25', '2023-05-24'),
(34,34, 212, '2023-03-01 10:00:00', '2021-06-24', '2023-06-23'),
(35,35, 232, '2023-03-01 10:00:00', '2021-07-24', '2023-07-23'),
(36,36, 252, '2023-03-01 10:00:00', '2021-08-23', '2023-08-22')
;

-- 6. Health table seed data
INSERT INTO health (name, description) VALUES
('Weight', 'The weight of the user in kilograms'),
('Body Fat Percentage', 'The percentage of body fat in the user''s body'),
('Blood Pressure', 'The systolic and diastolic blood pressure values of the user'),
('General Comments', 'Allergies eg asthma, coeliac')
;

-- 7. UserHealth table seed data
INSERT INTO memberhealth (member_id, health_id, value, date) VALUES
(1,1, '75.5', '2023-02-15'),
(1,2, '22.0', '2023-02-15'),
(1,3, '120/80', '2023-02-15'),
(1,4, 'no allergies', '2023-02-15'),
(2,1, '68.2', '2023-02-15'),
(2,2, '18.5', '2023-02-15'),
(2,3, '130/85', '2023-02-15'),
(2,4, 'asthmatic', '2023-02-15'),
(3,1, '90.0', '2023-02-15'),
(3,2, '25.0', '2023-02-15'),
(3,3, '120/75', '2023-02-15'),
(3,4, 'coeliac', '2023-02-15'),
(4,1,'96','2023-03-19'),
(4,2,'24','2023-03-19'),
(4,3,'120/80','2023-03-19'),
(4,4,'None','2023-03-19'),
(5,1,'104','2023-03-19'),
(5,2,'19','2023-03-19'),
(5,3,'120/80','2023-03-19'),
(5,4,'None','2023-03-19'),
(6,1,'82','2023-03-19'),
(6,2,'22','2023-03-19'),
(6,3,'120/80','2023-03-19'),
(6,4,'None','2023-03-19'),
(7,1,'107','2023-03-19'),
(7,2,'24','2023-03-19'),
(7,3,'120/80','2023-03-19'),
(7,4,'None','2023-03-19'),
(8,1,'92','2023-03-19'),
(8,2,'26','2023-03-19'),
(8,3,'120/80','2023-03-19'),
(8,4,'None','2023-03-19'),
(9,1,'107','2023-03-19'),
(9,2,'21','2023-03-19'),
(9,3,'120/80','2023-03-19'),
(9,4,'None','2023-03-19'),
(10,1,'100','2023-03-19'),
(10,2,'19','2023-03-19'),
(10,3,'120/80','2023-03-19'),
(10,4,'None','2023-03-19'),
(11,1,'56','2023-03-19'),
(11,2,'25','2023-03-19'),
(11,3,'120/80','2023-03-19'),
(11,4,'None','2023-03-19'),
(12,1,'78','2023-03-19'),
(12,2,'19','2023-03-19'),
(12,3,'120/80','2023-03-19'),
(12,4,'None','2023-03-19'),
(13,1,'98','2023-03-19'),
(13,2,'28','2023-03-19'),
(13,3,'120/80','2023-03-19'),
(13,4,'None','2023-03-19'),
(14,1,'95','2023-03-19'),
(14,2,'23','2023-03-19'),
(14,3,'120/80','2023-03-19'),
(14,4,'None','2023-03-19'),
(15,1,'92','2023-03-19'),
(15,2,'27','2023-03-19'),
(15,3,'120/80','2023-03-19'),
(15,4,'None','2023-03-19'),
(16,1,'103','2023-03-19'),
(16,2,'28','2023-03-19'),
(16,3,'120/80','2023-03-19'),
(16,4,'None','2023-03-19'),
(17,1,'51','2023-03-19'),
(17,2,'26','2023-03-19'),
(17,3,'120/80','2023-03-19'),
(17,4,'None','2023-03-19'),
(18,1,'88','2023-03-19'),
(18,2,'19','2023-03-19'),
(18,3,'120/80','2023-03-19'),
(18,4,'None','2023-03-19'),
(19,1,'93','2023-03-19'),
(19,2,'23','2023-03-19'),
(19,3,'120/80','2023-03-19'),
(19,4,'None','2023-03-19'),
(20,1,'91','2023-03-19'),
(20,2,'19','2023-03-19'),
(20,3,'120/80','2023-03-19'),
(20,4,'None','2023-03-19'),
(21,1,'97','2023-03-19'),
(21,2,'21','2023-03-19'),
(21,3,'120/80','2023-03-19'),
(21,4,'None','2023-03-19'),
(22,1,'62','2023-03-19'),
(22,2,'19','2023-03-19'),
(22,3,'120/80','2023-03-19'),
(22,4,'None','2023-03-19'),
(23,1,'59','2023-03-19'),
(23,2,'28','2023-03-19'),
(23,3,'120/80','2023-03-19'),
(23,4,'None','2023-03-19'),
(24,1,'52','2023-03-19'),
(24,2,'20','2023-03-19'),
(24,3,'120/80','2023-03-19'),
(24,4,'None','2023-03-19'),
(25,1,'101','2023-03-19'),
(25,2,'20','2023-03-19'),
(25,3,'120/80','2023-03-19'),
(25,4,'None','2023-03-19'),
(26,1,'74','2023-03-19'),
(26,2,'28','2023-03-19'),
(26,3,'120/80','2023-03-19'),
(26,4,'None','2023-03-19'),
(27,1,'63','2023-03-19'),
(27,2,'20','2023-03-19'),
(27,3,'120/80','2023-03-19'),
(27,4,'None','2023-03-19'),
(28,1,'76','2023-03-19'),
(28,2,'19','2023-03-19'),
(28,3,'120/80','2023-03-19'),
(28,4,'None','2023-03-19'),
(29,1,'99','2023-03-19'),
(29,2,'28','2023-03-19'),
(29,3,'120/80','2023-03-19'),
(29,4,'None','2023-03-19'),
(30,1,'90','2023-03-19'),
(30,2,'25','2023-03-19'),
(30,3,'120/80','2023-03-19'),
(30,4,'None','2023-03-19'),
(31,1,'59','2023-03-19'),
(31,2,'23','2023-03-19'),
(31,3,'120/80','2023-03-19'),
(31,4,'None','2023-03-19'),
(32,1,'100','2023-03-19'),
(32,2,'27','2023-03-19'),
(32,3,'120/80','2023-03-19'),
(32,4,'None','2023-03-19'),
(33,1,'79','2023-03-19'),
(33,2,'27','2023-03-19'),
(33,3,'120/80','2023-03-19'),
(33,4,'None','2023-03-19'),
(34,1,'106','2023-03-19'),
(34,2,'28','2023-03-19'),
(34,3,'120/80','2023-03-19'),
(34,4,'None','2023-03-19'),
(35,1,'71','2023-03-19'),
(35,2,'26','2023-03-19'),
(35,3,'120/80','2023-03-19'),
(35,4,'None','2023-03-19'),
(36,1,'106','2023-03-19'),
(36,2,'23','2023-03-19'),
(36,3,'120/80','2023-03-19'),
(36,4,'None','2023-03-19')
;

-- 8. Qualification table seed data
INSERT INTO qualification (name, description) VALUES
('Certified Personal Trainer', 'Qualified to create and implement individualized exercise programs for clients'),
('Group Fitness Instructor', 'Qualified to lead group exercise classes in a variety of formats'),
('Gym Manager', 'Qualified in management'),
('Les Mills Instructor', 'Qualified to teach Les Mills classes'),
('YMCA certified group Instructor', 'YMCA qualified to lead group exercise classes'),
('NetFit Coach', 'Qualified as a NetFitNZ Personal Trainer'),
('No qualification', 'No qualifications');

-- 9. TrainerQualification table seed data
INSERT INTO trainerqualification (trainer_id, qualification_id) VALUES
(1, 4),
(2, 1), 
(2, 2),
(2, 4),
(2, 5),
(4, 3),
(3, 1),
(3, 2),
(3, 4),
(3, 5),
(6, 3),
(7, 1),
(8, 2),
(9, 4),
(10, 5);

-- 10. Class table seed data
INSERT INTO class (id, name, description, capacity) VALUES
(1, 'Yoga', 'Yoga is the perfect class for stretching and strengthening your entire body.', 30),
(2, 'RPM', 'RPM is a 60-minute group indoor cycling workout where you control the intensity', 30),
(3, 'BODYATK', 'BODYATTACK is a 60-minute high-energy fitness class with moves that cater for total beginners to total addicts.', 30), -- classes are max 30 people
(4, 'Private Session with Penelope', 'Private session  with Penny Sole is the perfect way to get maximum benefit for not only your body but your mind as well.', 1),
(5, 'Private Session with Amy', 'Private session  with Amy Ferguson is the best way to get maximum benefit out of your workout.', 1), -- privates are max 1 person
(6, 'Gym Session', 'A gym session is where you do you - either do the workout you planned with your trainer, or your own choice of workout.', -1) -- general gym attendance has no limit
;

-- 11. Schedule seed data
INSERT INTO schedule (id, class_id, trainer_id, day, start_time, end_time, room) VALUES
(1,1,1,'Monday','2023-03-13 09:00:00','2023-03-13 10:00:00','Studio 1'),
(2,3,2,'Tuesday','2023-03-14 12:00:00','2023-03-14 13:00:00','Studio 2'),
(3,4,1,'Wednesday','2023-03-15 06:00:00','2023-03-15 07:00:00','Main Gym'),
(4,2,1,'Thursday','2023-03-16 11:00:00','2023-03-16 12:00:00','Cycle Studio'),
(5,5,3,'Friday','2023-03-17 07:00:00','2023-03-17 08:00:00','Main Gym'),
(6,6,null,'Any day gym',null,null,'Main Gym'),
(7,1,3,'Tuesday','2023-03-14 09:00:00','2023-03-14 10:00:00','Studio 1'),
(8,1,3,'Wednesday','2023-03-15 09:00:00','2023-03-15 10:00:00','Studio 1'),
(9,1,3,'Thursday','2023-03-16 09:00:00','2023-03-16 10:00:00','Studio 1'),
(10,1,3,'Friday','2023-03-17 09:00:00','2023-03-17 10:00:00','Studio 1'),
(11,3,2,'Monday','2023-03-13 12:00:00','2023-03-13 13:00:00','Studio 2'),
(12,3,2,'Wednesday','2023-03-15 12:00:00','2023-03-15 13:00:00','Studio 2'),
(13,3,2,'Thursday','2023-03-16 12:00:00','2023-03-16 13:00:00','Studio 2'),
(14,3,2,'Friday','2023-03-17 12:00:00','2023-03-17 13:00:00','Studio 2'),
(15,1,3,'Monday','2023-03-20 09:00:00','2023-03-20 10:00:00','Studio 1'),
(16,1,3,'Tuesday','2023-03-21 09:00:00','2023-03-21 10:00:00','Studio 1'),
(17,1,3,'Wednesday','2023-03-22 09:00:00','2023-03-22 10:00:00','Studio 1'),
(18,1,1,'Thursday','2023-03-23 09:00:00','2023-03-23 10:00:00','Studio 1'),
(19,1,3,'Friday','2023-03-24 09:00:00','2023-03-24 10:00:00','Studio 1'),
(20,3,2,'Monday','2023-03-20 12:00:00','2023-03-20 13:00:00','Studio 2'),
(21,3,2,'Tuesday','2023-03-21 12:00:00','2023-03-21 13:00:00','Studio 2'),
(22,3,1,'Wednesday','2023-03-22 12:00:00','2023-03-22 13:00:00','Studio 2'),
(23,3,3,'Thursday','2023-03-23 12:00:00','2023-03-23 13:00:00','Studio 2'),
(24,3,3,'Friday','2023-03-24 12:00:00','2023-03-24 13:00:00','Studio 2'),
(25,4,2,'Wednesday','2023-03-22 06:00:00','2023-03-22 07:00:00','Main Gym'),
(26,2,2,'Thursday','2023-03-23 11:00:00','2023-03-23 12:00:00','Cycle Studio'),
(27,5,3,'Friday','2023-03-24 07:00:00','2023-03-24 08:00:00','Main Gym'),
(28,1,2,'Tuesday','2023-03-07 09:00:00','2023-03-07 10:00:00','Studio 1'),
(29,1,2,'Wednesday','2023-03-08 09:00:00','2023-03-08 10:00:00','Studio 1'),
(30,1,2,'Thursday','2023-03-09 09:00:00','2023-03-09 10:00:00','Studio 1'),
(31,1,2,'Friday','2023-03-10 09:00:00','2023-03-10 10:00:00','Studio 1'),
(32,3,3,'Monday','2023-03-06 12:00:00','2023-03-06 13:00:00','Studio 2'),
(33,3,2,'Wednesday','2023-03-08 12:00:00','2023-03-08 13:00:00','Studio 2'),
(34,3,3,'Thursday','2023-03-09 12:00:00','2023-03-09 13:00:00','Studio 2'),
(35,3,3,'Friday','2023-03-10 12:00:00','2023-03-10 13:00:00','Studio 2'),
(36,1,2,'Monday','2023-03-27 09:00:00','2023-03-27 10:00:00','Studio 1'),
(37,1,2,'Tuesday','2023-03-28 09:00:00','2023-03-28 10:00:00','Studio 1'),
(38,1,3,'Wednesday','2023-03-29 09:00:00','2023-03-29 10:00:00','Studio 1'),
(39,1,2,'Thursday','2023-03-30 09:00:00','2023-03-30 10:00:00','Studio 1'),
(40,1,2,'Friday','2023-03-31 09:00:00','2023-03-31 10:00:00','Studio 1'),
(41,3,3,'Monday','2023-03-27 12:00:00','2023-03-27 13:00:00','Studio 2'),
(42,3,3,'Tuesday','2023-03-28 12:00:00','2023-03-28 13:00:00','Studio 2'),
(43,3,3,'Wednesday','2023-03-29 12:00:00','2023-03-29 13:00:00','Studio 2'),
(44,3,3,'Thursday','2023-03-30 12:00:00','2023-03-30 13:00:00','Studio 2'),
(45,3,2,'Friday','2023-03-31 12:00:00','2023-03-31 13:00:00','Studio 2'),
(46,4,2,'Wednesday','2023-03-29 06:00:00','2023-03-29 07:00:00','Main Gym'),
(47,2,2,'Thursday','2023-03-30 11:00:00','2023-03-30 12:00:00','Cycle Studio'),
(48,5,3,'Friday','2023-03-31 07:00:00','2023-03-31 08:00:00','Main Gym'),
(49,4,2,'Monday','2023-03-13 11:00:00','2023-03-13 12:00:00','Main Gym'),
(50,5,3,'Monday','2023-03-13 14:00:00','2023-03-13 15:00:00','Main Gym'),
(51,4,2,'Tuesday','2023-03-14 07:00:00','2023-03-14 08:00:00','Main Gym'),
(52,5,3,'Tuesday','2023-03-14 15:00:00','2023-03-14 16:00:00','Main Gym'),
(53,5,3,'Wednesday','2023-03-15 07:00:00','2023-03-15 08:00:00','Main Gym'),
(54,4,2,'Wednesday','2023-03-15 14:00:00','2023-03-15 15:00:00','Main Gym'),
(55,5,3,'Thursday','2023-03-16 07:00:00','2023-03-16 08:00:00','Main Gym'),
(56,4,2,'Thursday','2023-03-16 07:00:00','2023-03-16 08:00:00','Main Gym'),
(57,5,3,'Thursday','2023-03-16 14:00:00','2023-03-16 15:00:00','Main Gym'),
(58,4,2,'Friday','2023-03-17 06:00:00','2023-03-17 07:00:00','Main Gym'),
(59,5,3,'Friday','2023-03-17 10:00:00','2023-03-17 11:00:00','Main Gym'),
(60,4,2,'Friday','2023-03-17 15:00:00','2023-03-17 16:00:00','Main Gym'),
(61,4,2,'Monday','2023-03-20 11:00:00','2023-03-20 12:00:00','Main Gym'),
(62,5,3,'Monday','2023-03-20 14:00:00','2023-03-20 15:00:00','Main Gym'),
(63,4,2,'Tuesday','2023-03-21 07:00:00','2023-03-21 08:00:00','Main Gym'),
(64,5,3,'Tuesday','2023-03-21 15:00:00','2023-03-21 16:00:00','Main Gym'),
(65,5,3,'Wednesday','2023-03-22 07:00:00','2023-03-22 08:00:00','Main Gym'),
(66,4,2,'Wednesday','2023-03-22 14:00:00','2023-03-22 15:00:00','Main Gym'),
(67,5,3,'Thursday','2023-03-23 07:00:00','2023-03-23 08:00:00','Main Gym'),
(68,4,2,'Thursday','2023-03-23 07:00:00','2023-03-23 08:00:00','Main Gym'),
(69,5,3,'Thursday','2023-03-23 14:00:00','2023-03-23 15:00:00','Main Gym'),
(70,4,2,'Friday','2023-03-24 06:00:00','2023-03-24 07:00:00','Main Gym'),
(71,5,3,'Friday','2023-03-24 10:00:00','2023-03-24 11:00:00','Main Gym'),
(72,4,2,'Friday','2023-03-24 15:00:00','2023-03-24 16:00:00','Main Gym'),
(73,4,2,'Monday','2023-03-27 11:00:00','2023-03-27 12:00:00','Main Gym'),
(74,5,3,'Monday','2023-03-27 14:00:00','2023-03-27 15:00:00','Main Gym'),
(75,4,2,'Tuesday','2023-03-28 07:00:00','2023-03-28 08:00:00','Main Gym'),
(76,5,3,'Tuesday','2023-03-28 15:00:00','2023-03-28 16:00:00','Main Gym'),
(77,5,3,'Wednesday','2023-03-29 07:00:00','2023-03-29 08:00:00','Main Gym'),
(78,4,2,'Wednesday','2023-03-29 14:00:00','2023-03-29 15:00:00','Main Gym'),
(79,5,3,'Thursday','2023-03-30 07:00:00','2023-03-30 08:00:00','Main Gym'),
(80,4,2,'Thursday','2023-03-30 07:00:00','2023-03-30 08:00:00','Main Gym'),
(81,5,3,'Thursday','2023-03-30 14:00:00','2023-03-30 15:00:00','Main Gym'),
(82,4,2,'Friday','2023-03-31 06:00:00','2023-03-31 07:00:00','Main Gym'),
(83,5,3,'Friday','2023-03-31 10:00:00','2023-03-31 11:00:00','Main Gym'),
(84,4,2,'Friday','2023-03-31 15:00:00','2023-03-31 16:00:00','Main Gym'),
(85,1,1,'Monday','2023-04-03 09:00:00','2023-04-03 10:00:00','Studio 1'),
(86,3,2,'Tuesday','2023-04-04 12:00:00','2023-04-04 13:00:00','Studio 2'),
(87,4,1,'Wednesday','2023-04-05 06:00:00','2023-04-05 07:00:00','Main Gym'),
(88,2,1,'Thursday','2023-04-06 11:00:00','2023-04-06 12:00:00','Cycle Studio'),
(89,5,3,'Friday','2023-04-07 07:00:00','2023-04-07 08:00:00','Main Gym'),
(90,6,null,'Any day gym',null,null,'Main Gym'),
(91,1,3,'Tuesday','2023-04-04 09:00:00','2023-04-04 10:00:00','Studio 1'),
(92,1,3,'Wednesday','2023-04-05 09:00:00','2023-04-05 10:00:00','Studio 1'),
(93,1,3,'Thursday','2023-04-06 09:00:00','2023-04-06 10:00:00','Studio 1'),
(94,1,3,'Friday','2023-04-07 09:00:00','2023-04-07 10:00:00','Studio 1'),
(95,3,2,'Monday','2023-04-03 12:00:00','2023-04-03 13:00:00','Studio 2'),
(96,3,2,'Wednesday','2023-04-05 12:00:00','2023-04-05 13:00:00','Studio 2'),
(97,3,2,'Thursday','2023-04-06 12:00:00','2023-04-06 13:00:00','Studio 2'),
(98,3,2,'Friday','2023-04-07 12:00:00','2023-04-07 13:00:00','Studio 2'),
(99,1,3,'Monday','2023-04-10 09:00:00','2023-04-10 10:00:00','Studio 1'),
(100,1,3,'Tuesday','2023-04-11 09:00:00','2023-04-11 10:00:00','Studio 1'),
(101,1,3,'Wednesday','2023-04-12 09:00:00','2023-04-12 10:00:00','Studio 1'),
(102,1,1,'Thursday','2023-04-13 09:00:00','2023-04-13 10:00:00','Studio 1'),
(103,1,3,'Friday','2023-04-14 09:00:00','2023-04-14 10:00:00','Studio 1'),
(104,3,2,'Monday','2023-04-10 12:00:00','2023-04-10 13:00:00','Studio 2'),
(105,3,2,'Tuesday','2023-04-11 12:00:00','2023-04-11 13:00:00','Studio 2'),
(106,3,1,'Wednesday','2023-04-12 12:00:00','2023-04-12 13:00:00','Studio 2'),
(107,3,3,'Thursday','2023-04-13 12:00:00','2023-04-13 13:00:00','Studio 2'),
(108,3,3,'Friday','2023-04-14 12:00:00','2023-04-14 13:00:00','Studio 2'),
(109,4,2,'Wednesday','2023-04-12 06:00:00','2023-04-12 07:00:00','Main Gym'),
(110,2,2,'Thursday','2023-04-13 11:00:00','2023-04-13 12:00:00','Cycle Studio'),
(111,5,3,'Friday','2023-04-14 07:00:00','2023-04-14 08:00:00','Main Gym'),
(112,1,2,'Tuesday','2023-03-07 09:00:00','2023-03-07 10:00:00','Studio 1'),
(113,1,2,'Wednesday','2023-03-08 09:00:00','2023-03-08 10:00:00','Studio 1'),
(114,1,2,'Thursday','2023-03-09 09:00:00','2023-03-09 10:00:00','Studio 1'),
(115,1,2,'Friday','2023-03-10 09:00:00','2023-03-10 10:00:00','Studio 1'),
(116,3,3,'Monday','2023-03-06 12:00:00','2023-03-06 13:00:00','Studio 2'),
(117,3,2,'Wednesday','2023-03-08 12:00:00','2023-03-08 13:00:00','Studio 2'),
(118,3,3,'Thursday','2023-03-09 12:00:00','2023-03-09 13:00:00','Studio 2'),
(119,3,3,'Friday','2023-03-10 12:00:00','2023-03-10 13:00:00','Studio 2'),
(120,1,2,'Monday','2023-04-17 09:00:00','2023-04-17 10:00:00','Studio 1'),
(121,1,2,'Tuesday','2023-04-18 09:00:00','2023-04-18 10:00:00','Studio 1'),
(122,1,3,'Wednesday','2023-04-19 09:00:00','2023-04-19 10:00:00','Studio 1'),
(123,1,2,'Thursday','2023-04-20 09:00:00','2023-04-20 10:00:00','Studio 1'),
(124,1,2,'Friday','2023-04-21 09:00:00','2023-04-21 10:00:00','Studio 1'),
(125,3,3,'Monday','2023-04-17 12:00:00','2023-04-17 13:00:00','Studio 2'),
(126,3,3,'Tuesday','2023-04-18 12:00:00','2023-04-18 13:00:00','Studio 2'),
(127,3,3,'Wednesday','2023-04-19 12:00:00','2023-04-19 13:00:00','Studio 2'),
(128,3,3,'Thursday','2023-04-20 12:00:00','2023-04-20 13:00:00','Studio 2'),
(129,3,2,'Friday','2023-04-21 12:00:00','2023-04-21 13:00:00','Studio 2'),
(130,4,2,'Wednesday','2023-04-19 06:00:00','2023-04-19 07:00:00','Main Gym'),
(131,2,2,'Thursday','2023-04-20 11:00:00','2023-04-20 12:00:00','Cycle Studio'),
(132,5,3,'Friday','2023-04-21 07:00:00','2023-04-21 08:00:00','Main Gym'),
(133,4,2,'Monday','2023-04-03 11:00:00','2023-04-03 12:00:00','Main Gym'),
(134,5,3,'Monday','2023-04-03 14:00:00','2023-04-03 15:00:00','Main Gym'),
(135,4,2,'Tuesday','2023-04-04 07:00:00','2023-04-04 08:00:00','Main Gym'),
(136,5,3,'Tuesday','2023-04-04 15:00:00','2023-04-04 16:00:00','Main Gym'),
(137,5,3,'Wednesday','2023-04-05 07:00:00','2023-04-05 08:00:00','Main Gym'),
(138,4,2,'Wednesday','2023-04-05 14:00:00','2023-04-05 15:00:00','Main Gym'),
(139,5,3,'Thursday','2023-04-06 07:00:00','2023-04-06 08:00:00','Main Gym'),
(140,4,2,'Thursday','2023-04-06 07:00:00','2023-04-06 08:00:00','Main Gym'),
(141,5,3,'Thursday','2023-04-06 14:00:00','2023-04-06 15:00:00','Main Gym'),
(142,4,2,'Friday','2023-04-07 06:00:00','2023-04-07 07:00:00','Main Gym'),
(143,5,3,'Friday','2023-04-07 10:00:00','2023-04-07 11:00:00','Main Gym'),
(144,4,2,'Friday','2023-04-07 15:00:00','2023-04-07 16:00:00','Main Gym'),
(145,4,2,'Monday','2023-04-10 11:00:00','2023-04-10 12:00:00','Main Gym'),
(146,5,3,'Monday','2023-04-10 14:00:00','2023-04-10 15:00:00','Main Gym'),
(147,4,2,'Tuesday','2023-04-11 07:00:00','2023-04-11 08:00:00','Main Gym'),
(148,5,3,'Tuesday','2023-04-11 15:00:00','2023-04-11 16:00:00','Main Gym'),
(149,5,3,'Wednesday','2023-04-12 07:00:00','2023-04-12 08:00:00','Main Gym'),
(150,4,2,'Wednesday','2023-04-12 14:00:00','2023-04-12 15:00:00','Main Gym'),
(151,5,3,'Thursday','2023-04-13 07:00:00','2023-04-13 08:00:00','Main Gym'),
(152,4,2,'Thursday','2023-04-13 07:00:00','2023-04-13 08:00:00','Main Gym'),
(153,5,3,'Thursday','2023-04-13 14:00:00','2023-04-13 15:00:00','Main Gym'),
(154,4,2,'Friday','2023-04-14 06:00:00','2023-04-14 07:00:00','Main Gym'),
(155,5,3,'Friday','2023-04-14 10:00:00','2023-04-14 11:00:00','Main Gym'),
(156,4,2,'Friday','2023-04-14 15:00:00','2023-04-14 16:00:00','Main Gym'),
(157,4,2,'Monday','2023-04-17 11:00:00','2023-04-17 12:00:00','Main Gym'),
(158,5,3,'Monday','2023-04-17 14:00:00','2023-04-17 15:00:00','Main Gym'),
(159,4,2,'Tuesday','2023-04-18 07:00:00','2023-04-18 08:00:00','Main Gym'),
(160,5,3,'Tuesday','2023-04-18 15:00:00','2023-04-18 16:00:00','Main Gym'),
(161,5,3,'Wednesday','2023-04-19 07:00:00','2023-04-19 08:00:00','Main Gym'),
(162,4,2,'Wednesday','2023-04-19 14:00:00','2023-04-19 15:00:00','Main Gym'),
(163,5,3,'Thursday','2023-04-20 07:00:00','2023-04-20 08:00:00','Main Gym'),
(164,4,2,'Thursday','2023-04-20 07:00:00','2023-04-20 08:00:00','Main Gym'),
(165,5,3,'Thursday','2023-04-20 14:00:00','2023-04-20 15:00:00','Main Gym'),
(166,4,2,'Friday','2023-04-21 06:00:00','2023-04-21 07:00:00','Main Gym'),
(167,5,3,'Friday','2023-04-21 10:00:00','2023-04-21 11:00:00','Main Gym'),
(168,4,2,'Friday','2023-04-21 15:00:00','2023-04-21 16:00:00','Main Gym')
;

-- 12. BookingAttendance table seed data
INSERT INTO bookingattendance (id, schedule_id, member_id, check_in_time) VALUES
(1,3,1,'2023-03-13 09:00:00'),
(2,5,2,'2023-03-14 12:00:00'),
(3,27,9,Null),
(4,48,21,Null),
(5,50,30,Null),
(6,52,15,Null),
(7,54,32,'2023-03-15 14:00:00'),
(8,55,8,Null),
(9,56,23,Null),
(10,57,8,'2023-03-22 12:00:00'),
(11,58,14,Null),
(12,59,3,'2023-03-24 07:00:00'),
(13,60,7,Null),
(14,61,7,'2023-03-13 09:00:00'),
(15,62,19,'2023-03-23 09:00:00'),
(16,63,32,'2023-03-17 07:00:00'),
(17,64,20,Null),
(18,65,33,Null),
(19,66,9,Null),
(20,67,2,Null),
(21,68,15,Null),
(22,69,22,Null),
(23,70,33,Null),
(24,71,33,Null),
(25,72,21,Null),
(26,73,26,Null),
(27,74,5,'2023-03-28 07:00:00'),
(28,75,22,Null),
(29,77,3,Null),
(30,78,36,Null),
(31,79,14,Null),
(32,80,23,Null),
(33,81,30,'2023-03-13 11:00:00'),
(34,82,1,'2023-03-21 15:00:00'),
(35,83,30,Null),
(36,84,3,Null),
(37,87,14,Null),
(38,89,26,'2023-03-28 09:00:00'),
(39,109,22,Null),
(40,111,35,Null),
(41,130,30,Null),
(42,132,13,Null),
(43,133,17,Null),
(44,134,24,'2023-03-27 09:00:00'),
(46,136,12,Null),
(47,138,28,'2023-03-20 09:00:00'),
(48,139,22,Null),
(49,140,35,'2023-03-24 15:00:00'),
(51,142,33,'2023-03-23 06:00:00'),
(52,143,31,'2023-03-21 15:00:00'),
(53,145,14,Null),
(54,146,29,Null),
(55,147,13,'2023-03-24 09:00:00'),
(56,148,16,Null),
(57,149,32,Null),
(58,150,34,'2023-03-16 09:00:00'),
(59,151,29,Null),
(60,152,14,'2023-03-17 15:00:00'),
(61,154,31,Null),
(62,155,13,'2023-03-10 12:00:00'),
(63,157,3,'2023-03-15 14:00:00'),
(64,158,9,Null),
(65,159,12,Null),
(66,160,3,'2023-03-28 12:00:00'),
(67,161,21,'2023-03-13 14:00:00'),
(68,162,33,Null),
(69,163,18,'2023-03-16 14:00:00'),
(70,164,14,Null),
(71,168,23,Null),
(72,1,1,'2023-03-13 09:00:00'),
(73,1,2,'2023-03-13 09:00:00'),
(74,1,3,'2023-03-13 09:00:00'),
(75,1,5,'2023-03-13 09:00:00'),
(76,1,9,'2023-03-13 09:00:00'),
(77,2,1,'2023-03-13 09:00:00'),
(78,2,2,'2023-03-13 09:00:00'),
(79,2,33,'2023-03-13 09:00:00'),
(80,2,33,'2023-03-13 09:00:00'),
(81,2,36,'2023-03-13 09:00:00'),
(82,2,12,'2023-03-13 09:00:00'),
(83,2,7,'2023-03-13 09:00:00'),
(84,2,16,'2023-03-13 09:00:00'),
(85,2,1,'2023-03-13 09:00:00'),
(86,4,2,'2023-03-14 12:00:00'),
(87,4,3,'2023-03-14 12:00:00'),
(88,4,30,'2023-03-14 12:00:00'),
(89,6,3,Null),
(90,6,2,Null),
(91,6,4,Null),
(92,6,5,Null),
(93,6,13,Null),
(94,6,29,Null),
(95,6,29,Null),
(96,7,6,'2023-03-17 07:00:00'),
(97,7,32,'2023-03-17 07:00:00'),
(98,7,14,'2023-03-17 07:00:00'),
(99,7,26,'2023-03-17 07:00:00'),
(100,7,36,'2023-03-17 07:00:00'),
(101,7,29,'2023-03-17 07:00:00'),
(102,7,35,'2023-03-17 07:00:00'),
(103,7,4,'2023-03-17 07:00:00'),
(104,7,10,'2023-03-17 07:00:00'),
(105,8,3,Null),
(106,9,5,Null),
(107,9,16,Null),
(108,9,11,Null),
(109,9,11,Null),
(110,10,20,Null),
(111,10,6,Null),
(112,10,21,Null),
(113,10,30,Null),
(114,10,9,Null),
(115,11,23,Null),
(116,11,36,Null),
(117,12,20,'2023-03-14 09:00:00'),
(118,12,20,'2023-03-14 09:00:00'),
(119,12,3,'2023-03-14 09:00:00'),
(120,12,1,'2023-03-14 09:00:00'),
(121,12,32,'2023-03-14 09:00:00'),
(122,13,15,'2023-03-16 12:00:00'),
(123,13,17,'2023-03-16 12:00:00'),
(124,13,21,'2023-03-16 12:00:00'),
(125,13,26,'2023-03-16 12:00:00'),
(126,13,26,'2023-03-16 12:00:00'),
(127,14,36,'2023-03-16 12:00:00'),
(128,14,21,'2023-03-16 12:00:00'),
(129,14,23,'2023-03-16 12:00:00'),
(130,14,31,'2023-03-16 12:00:00'),
(131,15,22,Null),
(132,15,21,Null),
(133,15,12,Null),
(134,16,36,Null),
(135,16,28,Null),
(136,16,14,Null),
(137,16,36,Null),
(138,16,6,Null),
(139,16,36,Null),
(140,17,19,Null),
(141,17,12,Null),
(142,17,5,Null),
(143,17,34,Null),
(144,17,32,Null),
(145,18,34,Null),
(146,18,15,Null),
(147,18,6,Null),
(148,18,30,Null),
(149,19,26,Null),
(150,19,21,Null),
(151,19,6,Null),
(152,19,30,Null),
(153,20,1,Null),
(154,20,10,Null),
(155,20,21,Null),
(156,21,13,Null),
(157,21,35,Null),
(158,21,11,Null),
(159,22,21,Null),
(160,22,2,Null),
(161,22,17,Null),
(162,23,22,Null),
(163,23,16,Null),
(164,24,20,Null),
(165,24,36,Null),
(166,24,32,Null),
(167,24,11,Null),
(168,24,4,Null),
(169,25,16,Null),
(170,26,8,'2023-03-16 09:00:00'),
(171,26,15,'2023-03-16 09:00:00'),
(172,26,12,'2023-03-16 09:00:00'),
(173,26,10,'2023-03-16 09:00:00'),
(174,26,30,'2023-03-16 09:00:00'),
(175,28,30,Null),
(176,28,2,Null),
(177,28,26,Null),
(178,29,2,Null),
(179,30,18,Null),
(180,30,15,Null),
(181,31,8,'2023-03-14 09:00:00'),
(182,31,10,'2023-03-14 09:00:00'),
(183,31,35,'2023-03-14 09:00:00'),
(184,31,21,'2023-03-14 09:00:00'),
(185,32,17,'2023-03-08 12:00:00'),
(186,33,24,Null),
(187,33,11,Null),
(188,33,24,Null),
(189,33,22,Null),
(190,33,36,Null),
(191,33,1,Null),
(192,33,23,Null),
(193,33,24,Null),
(194,33,17,Null),
(195,34,7,Null),
(196,34,28,Null),
(197,34,8,Null),
(198,34,32,Null),
(199,34,8,Null),
(200,34,12,Null),
(201,35,34,'2023-03-07 09:00:00'),
(202,35,28,'2023-03-07 09:00:00'),
(203,35,2,'2023-03-07 09:00:00'),
(204,35,15,'2023-03-07 09:00:00'),
(205,35,36,'2023-03-07 09:00:00'),
(206,36,1,Null),
(207,36,30,Null),
(208,36,21,Null),
(209,36,5,Null),
(210,37,12,'2023-03-17 10:00:00'),
(211,37,9,'2023-03-17 10:00:00'),
(212,37,33,'2023-03-17 10:00:00'),
(213,37,28,'2023-03-17 10:00:00'),
(214,38,13,Null),
(215,38,13,Null),
(216,38,32,Null),
(217,38,11,Null),
(218,39,4,Null),
(219,39,6,Null),
(220,39,32,Null),
(221,39,7,Null),
(222,39,8,Null),
(223,39,9,Null),
(224,39,10,Null),
(225,39,11,Null),
(226,39,12,Null),
(227,39,13,Null),
(228,39,14,Null),
(229,39,15,Null),
(230,39,16,Null),
(231,39,17,Null),
(232,39,18,Null),
(233,39,19,Null),
(234,39,20,Null),
(235,39,21,Null),
(236,39,22,Null),
(237,39,23,Null),
(238,39,24,Null),
(239,39,25,Null),
(240,39,26,Null),
(241,40,21,'2023-03-08 12:00:00'),
(242,40,19,'2023-03-08 12:00:00'),
(243,40,1,'2023-03-08 12:00:00'),
(244,40,4,'2023-03-08 12:00:00'),
(245,40,21,'2023-03-08 12:00:00'),
(246,40,16,'2023-03-08 12:00:00'),
(247,41,4,Null),
(248,41,10,Null),
(249,41,23,Null),
(250,42,23,'2023-03-08 12:00:00'),
(251,42,29,'2023-03-08 12:00:00'),
(252,42,31,'2023-03-08 12:00:00'),
(253,42,26,'2023-03-08 12:00:00'),
(254,43,26,'2023-03-10 09:00:00'),
(255,43,8,'2023-03-10 09:00:00'),
(256,43,24,'2023-03-10 09:00:00'),
(257,43,19,'2023-03-10 09:00:00'),
(258,43,11,'2023-03-10 09:00:00'),
(259,44,26,Null),
(260,44,23,Null),
(261,45,2,Null),
(262,45,35,Null),
(263,45,30,Null),
(264,45,32,Null),
(265,45,17,Null),
(266,45,36,Null),
(267,45,24,Null),
(268,46,16,Null),
(269,47,23,Null),
(270,47,11,Null),
(271,47,6,Null),
(272,47,32,Null),
(273,47,14,Null),
(274,47,23,Null),
(275,49,5,'2023-03-21 09:00:00'),
(276,51,11,Null),
(277,53,16,Null),
(278,85,32,Null),
(279,85,14,Null),
(280,85,31,Null),
(281,85,33,Null),
(282,86,21,'2023-03-20 14:00:00'),
(283,86,33,'2023-03-20 14:00:00'),
(284,88,32,'2023-03-14 12:00:00'),
(285,88,2,'2023-03-14 12:00:00'),
(286,88,3,'2023-03-14 12:00:00'),
(287,88,19,'2023-03-14 12:00:00'),
(288,88,19,'2023-03-14 12:00:00'),
(289,90,1,Null),
(290,91,15,'2023-03-08 12:00:00'),
(291,91,24,'2023-03-08 12:00:00'),
(292,91,34,'2023-03-08 12:00:00'),
(293,91,16,'2023-03-08 12:00:00'),
(294,92,11,Null),
(295,93,4,'2023-03-16 07:00:00'),
(296,94,23,'2023-03-24 09:00:00'),
(297,94,28,'2023-03-24 09:00:00'),
(298,94,21,'2023-03-24 09:00:00'),
(299,95,28,Null),
(300,95,24,Null),
(301,95,8,Null),
(302,95,26,Null),
(303,96,12,Null),
(304,96,9,Null),
(305,96,20,Null),
(306,96,34,Null),
(307,96,3,Null),
(308,97,22,Null),
(309,97,16,Null),
(310,97,16,Null),
(311,97,28,Null),
(312,97,18,Null),
(313,97,32,Null),
(314,97,21,Null),
(315,97,29,Null),
(316,97,7,Null),
(317,98,23,Null),
(318,98,1,Null),
(319,98,10,Null),
(320,98,30,Null),
(321,99,30,Null),
(322,99,9,Null),
(323,99,9,Null),
(324,99,24,Null),
(325,100,3,'2023-03-08 09:00:00'),
(326,101,28,Null),
(327,101,2,Null),
(328,101,12,Null),
(329,101,23,Null),
(330,101,5,Null),
(331,101,36,Null),
(332,102,31,Null),
(333,102,24,Null),
(334,102,35,Null),
(335,103,12,Null),
(336,103,9,Null),
(337,103,30,Null),
(338,104,6,'2023-03-24 10:00:00'),
(339,104,33,'2023-03-24 10:00:00'),
(340,104,16,'2023-03-24 10:00:00'),
(341,104,4,'2023-03-24 10:00:00'),
(342,105,31,'2023-03-21 09:00:00'),
(343,105,22,'2023-03-21 09:00:00'),
(344,106,8,Null),
(345,106,28,Null),
(346,106,35,Null),
(347,106,29,Null),
(348,107,17,Null),
(349,107,29,Null),
(350,107,23,Null),
(351,108,36,Null),
(352,108,13,Null),
(353,108,33,Null),
(354,110,24,'2023-03-23 12:00:00'),
(355,110,23,'2023-03-23 12:00:00'),
(356,110,20,'2023-03-23 12:00:00'),
(357,112,23,'2023-03-17 15:00:00'),
(358,112,19,'2023-03-17 15:00:00'),
(359,112,15,'2023-03-17 15:00:00'),
(360,113,13,'2023-03-13 12:00:00'),
(361,113,16,'2023-03-13 12:00:00'),
(362,113,6,'2023-03-13 12:00:00'),
(363,114,24,'2023-03-24 07:00:00'),
(364,115,24,'2023-03-15 06:00:00'),
(365,115,2,'2023-03-15 06:00:00'),
(366,115,14,'2023-03-15 06:00:00'),
(367,115,34,'2023-03-15 06:00:00'),
(368,115,22,'2023-03-15 06:00:00'),
(369,116,29,'2023-03-24 06:00:00'),
(370,116,13,'2023-03-24 06:00:00'),
(371,117,23,'2023-03-08 12:00:00'),
(372,118,29,Null),
(373,118,15,Null),
(374,118,17,Null),
(375,118,28,Null),
(376,119,19,Null),
(377,119,11,Null),
(378,119,1,Null),
(379,119,7,Null),
(380,120,36,Null),
(381,120,22,Null),
(382,120,30,Null),
(383,121,35,'2023-03-24 15:00:00'),
(384,121,35,'2023-03-24 15:00:00'),
(385,121,11,'2023-03-24 15:00:00'),
(386,121,2,'2023-03-24 15:00:00'),
(387,122,11,Null),
(388,122,20,Null),
(389,123,2,Null),
(390,124,15,'2023-03-21 09:00:00'),
(391,124,6,'2023-03-21 09:00:00'),
(392,124,35,'2023-03-21 09:00:00'),
(393,124,15,'2023-03-21 09:00:00'),
(394,124,31,'2023-03-21 09:00:00'),
(395,124,14,'2023-03-21 09:00:00'),
(396,125,14,Null),
(397,125,16,Null),
(398,125,3,Null),
(399,126,32,Null),
(400,126,4,Null),
(401,126,9,Null),
(402,126,1,Null),
(403,127,10,'2023-03-20 11:00:00'),
(404,127,8,'2023-03-20 11:00:00'),
(405,127,19,'2023-03-20 11:00:00'),
(406,128,16,Null),
(407,128,3,Null),
(408,128,4,Null),
(409,128,13,Null),
(410,128,13,Null),
(411,128,12,Null),
(412,128,15,Null),
(413,129,11,Null),
(414,129,16,Null),
(415,131,5,'2023-03-17 12:00:00'),
(416,131,24,'2023-03-17 12:00:00'),
(417,131,21,'2023-03-17 12:00:00'),
(418,131,21,'2023-03-17 12:00:00'),
(419,131,19,'2023-03-17 12:00:00'),
(420,137,2,Null),
(421,144,16,Null),
(422,153,6,'2023-03-21 12:00:00'),
(423,165,22,Null),
(424,165,24,Null),
(425,165,29,Null),
(426,165,24,Null),
(427,165,2,Null),
(428,165,32,Null),
(429,167,3,Null),
(430,167,15,Null),
(431,167,9,Null),
(432,39,27,Null),
(433,39,28,Null),
(434,39,29,Null),
(435,39,30,Null),
(436,39,31,Null),
(437,39,33,Null),
(438,39,34,Null),
(439,6,31,'2023-03-28 07:00:00'),
(440,6,33,'2023-03-24 15:00:00'),
(441,6,21,'2023-03-23 12:00:00'),
(442,6,33,'2023-03-20 14:00:00'),
(443,6,32,'2023-03-17 12:00:00'),
(444,6,2,'2023-03-16 14:00:00'),
(445,6,3,'2023-03-16 12:00:00'),
(446,6,19,'2023-03-16 12:00:00'),
(447,6,19,'2023-03-16 12:00:00'),
(448,6,1,'2023-03-16 09:00:00'),
(449,6,15,'2023-03-15 14:00:00'),
(450,6,24,'2023-03-15 06:00:00'),
(451,6,34,'2023-03-14 12:00:00'),
(452,6,16,'2023-03-14 09:00:00'),
(453,6,11,'2023-03-14 09:00:00'),
(454,6,4,'2023-03-14 09:00:00'),
(455,6,23,'2023-03-13 12:00:00'),
(456,6,28,'2023-03-13 09:00:00'),
(457,6,21,'2023-03-13 09:00:00'),
(458,6,28,'2023-03-10 09:00:00'),
(459,6,24,'2023-03-10 09:00:00'),
(460,6,8,'2023-03-08 12:00:00'),
(461,6,26,'2023-03-08 12:00:00'),
(462,6,12,'2023-03-08 12:00:00'),
(463,6,9,'2023-03-07 09:00:00'),
(464,6,20,'2023-03-07 09:00:00'),
(465,6,19,'2023-03-13 09:00:00'),
(466,6,1,'2023-03-14 12:00:00'),
(467,6,30,'2023-03-15 14:00:00'),
(468,6,5,'2023-03-22 12:00:00'),
(469,6,3,'2023-03-24 07:00:00'),
(470,6,9,'2023-03-13 09:00:00'),
(471,6,18,'2023-03-23 09:00:00'),
(472,6,18,'2023-03-17 07:00:00'),
(473,6,2,'2023-03-28 07:00:00'),
(474,6,18,'2023-03-13 11:00:00'),
(475,6,4,'2023-03-21 15:00:00'),
(476,6,14,'2023-03-28 09:00:00'),
(477,6,23,'2023-03-27 09:00:00'),
(478,6,12,'2023-03-20 09:00:00'),
(479,6,5,'2023-03-24 15:00:00'),
(480,6,17,'2023-03-23 06:00:00'),
(481,6,27,'2023-03-21 15:00:00'),
(482,6,13,'2023-03-24 09:00:00'),
(483,6,18,'2023-03-16 09:00:00'),
(484,6,23,'2023-03-17 15:00:00'),
(485,6,17,'2023-03-10 12:00:00'),
(486,6,10,'2023-03-15 14:00:00'),
(487,6,21,'2023-03-28 12:00:00'),
(488,6,16,'2023-03-13 14:00:00'),
(489,6,25,'2023-03-16 14:00:00'),
(490,6,13,'2023-03-13 09:00:00'),
(491,6,7,'2023-03-13 09:00:00')
;


-- 13. TransactionType table seed data
INSERT INTO transactiontype (id, typename) VALUES
(1 ,'topup'),
(2, 'withdraw'),
(3, 'subscriptionpayment'),
(4, 'sessionpayment'),
(5, 'refundsubscription'),
(6, 'refundsession')
;

-- 14. Transaction table seed data
INSERT INTO transaction (account_id, amount, paytype, bookingAttendance_id, reference, date, time, created_at) VALUES
(16,60,4,null,'sessionpaymentdirectdebit','2021-01-11','10:00:00','2021-01-08 10:00:00'),
(13,60,4,null,'sessionpaymentdirectdebit','2021-01-14','10:00:00','2021-01-11 10:00:00'),
(1,60,4,null,'sessionpaymentdirectdebit','2021-01-15','10:00:00','2021-01-12 10:00:00'),
(12,60,4,null,'sessionpaymentdirectdebit','2021-01-17','10:00:00','2021-01-14 10:00:00'),
(9,60,4,null,'sessionpaymentdirectdebit','2021-01-17','10:00:00','2021-01-14 10:00:00'),
(11,60,4,null,'sessionpaymentdirectdebit','2021-01-17','10:00:00','2021-01-14 10:00:00'),
(7,60,4,null,'sessionpaymentdirectdebit','2021-01-18','10:00:00','2021-01-15 10:00:00'),
(2,60,4,null,'sessionpaymentdirectdebit','2021-01-21','10:00:00','2021-01-18 10:00:00'),
(8,60,4,null,'sessionpaymentdirectdebit','2021-01-24','10:00:00','2021-01-21 10:00:00'),
(5,60,4,null,'sessionpaymentdirectdebit','2021-01-24','10:00:00','2021-01-21 10:00:00'),
(13,60,4,null,'sessionpaymentdirectdebit','2021-01-25','10:00:00','2021-01-22 10:00:00'),
(7,60,4,null,'sessionpaymentdirectdebit','2021-01-25','10:00:00','2021-01-22 10:00:00'),
(17,60,4,null,'sessionpaymentdirectdebit','2021-01-27','10:00:00','2021-01-24 10:00:00'),
(4,60,4,null,'sessionpaymentdirectdebit','2021-02-11','10:00:00','2021-02-08 10:00:00'),
(3,60,4,null,'sessionpaymentdirectdebit','2021-02-12','10:00:00','2021-02-09 10:00:00'),
(15,60,4,null,'sessionpaymentdirectdebit','2021-02-14','10:00:00','2021-02-11 10:00:00'),
(17,60,4,null,'sessionpaymentdirectdebit','2021-02-14','10:00:00','2021-02-11 10:00:00'),
(12,60,4,null,'sessionpaymentdirectdebit','2021-02-15','10:00:00','2021-02-12 10:00:00'),
(17,60,4,null,'sessionpaymentdirectdebit','2021-02-16','10:00:00','2021-02-13 10:00:00'),
(5,60,4,null,'sessionpaymentdirectdebit','2021-02-20','10:00:00','2021-02-17 10:00:00'),
(17,60,4,null,'sessionpaymentdirectdebit','2021-02-26','10:00:00','2021-02-23 10:00:00'),
(8,60,4,null,'sessionpaymentdirectdebit','2021-02-26','10:00:00','2021-02-23 10:00:00'),
(16,60,4,null,'sessionpaymentdirectdebit','2021-03-11','10:00:00','2021-03-08 10:00:00'),
(18,60,4,null,'sessionpaymentdirectdebit','2021-03-12','10:00:00','2021-03-09 10:00:00'),
(4,60,4,null,'sessionpaymentdirectdebit','2021-03-13','10:00:00','2021-03-10 10:00:00'),
(16,60,4,null,'sessionpaymentdirectdebit','2021-03-14','10:00:00','2021-03-11 10:00:00'),
(2,60,4,null,'sessionpaymentdirectdebit','2021-03-15','10:00:00','2021-03-12 10:00:00'),
(4,60,4,null,'sessionpaymentdirectdebit','2021-03-16','10:00:00','2021-03-13 10:00:00'),
(10,60,4,null,'sessionpaymentdirectdebit','2021-03-18','10:00:00','2021-03-15 10:00:00'),
(3,60,4,null,'sessionpaymentdirectdebit','2021-03-20','10:00:00','2021-03-17 10:00:00'),
(18,60,4,null,'sessionpaymentdirectdebit','2021-03-22','10:00:00','2021-03-19 10:00:00'),
(13,60,4,null,'sessionpaymentdirectdebit','2021-03-23','10:00:00','2021-03-20 10:00:00'),
(15,60,4,null,'sessionpaymentdirectdebit','2021-03-23','10:00:00','2021-03-20 10:00:00'),
(14,60,4,null,'sessionpaymentdirectdebit','2021-03-25','10:00:00','2021-03-22 10:00:00'),
(10,60,4,null,'sessionpaymentdirectdebit','2021-03-25','10:00:00','2021-03-22 10:00:00'),
(21,200,3, null,  'monthlypaymentdirectdebit', '2021-04-01', '10:00:00' ,'2021-03-29 10:00:00'),
(31,200,3, null,  'monthlypaymentdirectdebit', '2021-04-01', '10:00:00' ,'2021-03-29 10:00:00'),
(12,60,4,null,'sessionpaymentdirectdebit','2021-04-11','10:00:00','2021-04-08 10:00:00'),
(18,60,4,null,'sessionpaymentdirectdebit','2021-04-12','10:00:00','2021-04-09 10:00:00'),
(10,60,4,null,'sessionpaymentdirectdebit','2021-04-12','10:00:00','2021-04-09 10:00:00'),
(14,60,4,null,'sessionpaymentdirectdebit','2021-04-14','10:00:00','2021-04-11 10:00:00'),
(1,60,4,null,'sessionpaymentdirectdebit','2021-04-15','10:00:00','2021-04-12 10:00:00'),
(9,60,4,null,'sessionpaymentdirectdebit','2021-04-17','10:00:00','2021-04-14 10:00:00'),
(18,60,4,null,'sessionpaymentdirectdebit','2021-04-19','10:00:00','2021-04-16 10:00:00'),
(15,60,4,null,'sessionpaymentdirectdebit','2021-04-19','10:00:00','2021-04-16 10:00:00'),
(7,60,4,null,'sessionpaymentdirectdebit','2021-04-19','10:00:00','2021-04-16 10:00:00'),
(15,60,4,null,'sessionpaymentdirectdebit','2021-04-21','10:00:00','2021-04-18 10:00:00'),
(8,60,4,null,'sessionpaymentdirectdebit','2021-04-24','10:00:00','2021-04-21 10:00:00'),
(14,60,4,null,'sessionpaymentdirectdebit','2021-04-25','10:00:00','2021-04-22 10:00:00'),
(13,60,4,null,'sessionpaymentdirectdebit','2021-04-27','10:00:00','2021-04-24 10:00:00'),
(19,200,3, null,  'monthlypaymentdirectdebit', '2021-05-01', '10:00:00' ,'2021-04-28 10:00:00'),
(21,200,3, null,  'monthlypaymentdirectdebit', '2021-05-01', '10:00:00' ,'2021-04-28 10:00:00'),
(31,200,3, null,  'monthlypaymentdirectdebit', '2021-05-01', '10:00:00' ,'2021-04-28 10:00:00'),
(32,200,3, null,  'monthlypaymentdirectdebit', '2021-05-01', '10:00:00' ,'2021-04-28 10:00:00'),
(16,60,4,null,'sessionpaymentdirectdebit','2021-05-10','10:00:00','2021-05-07 10:00:00'),
(5,60,4,null,'sessionpaymentdirectdebit','2021-05-11','10:00:00','2021-05-08 10:00:00'),
(7,60,4,null,'sessionpaymentdirectdebit','2021-05-11','10:00:00','2021-05-08 10:00:00'),
(4,60,4,null,'sessionpaymentdirectdebit','2021-05-13','10:00:00','2021-05-10 10:00:00'),
(5,60,4,null,'sessionpaymentdirectdebit','2021-05-17','10:00:00','2021-05-14 10:00:00'),
(14,60,4,null,'sessionpaymentdirectdebit','2021-05-17','10:00:00','2021-05-14 10:00:00'),
(11,60,4,null,'sessionpaymentdirectdebit','2021-05-23','10:00:00','2021-05-20 10:00:00'),
(6,60,4,null,'sessionpaymentdirectdebit','2021-05-23','10:00:00','2021-05-20 10:00:00'),
(5,60,4,null,'sessionpaymentdirectdebit','2021-05-23','10:00:00','2021-05-20 10:00:00'),
(7,60,4,null,'sessionpaymentdirectdebit','2021-05-23','10:00:00','2021-05-20 10:00:00'),
(7,60,4,null,'sessionpaymentdirectdebit','2021-05-24','10:00:00','2021-05-21 10:00:00'),
(9,60,4,null,'sessionpaymentdirectdebit','2021-05-27','10:00:00','2021-05-24 10:00:00'),
(12,60,4,null,'sessionpaymentdirectdebit','2021-05-27','10:00:00','2021-05-24 10:00:00'),
(19,200,3, null,  'monthlypaymentdirectdebit', '2021-06-01', '10:00:00' ,'2021-05-29 10:00:00'),
(21,200,3, null,  'monthlypaymentdirectdebit', '2021-06-01', '10:00:00' ,'2021-05-29 10:00:00'),
(31,200,3, null,  'monthlypaymentdirectdebit', '2021-06-01', '10:00:00' ,'2021-05-29 10:00:00'),
(32,200,3, null,  'monthlypaymentdirectdebit', '2021-06-01', '10:00:00' ,'2021-05-29 10:00:00'),
(33,200,3, null,  'monthlypaymentdirectdebit', '2021-06-01', '10:00:00' ,'2021-05-29 10:00:00'),
(8,60,4,null,'sessionpaymentdirectdebit','2021-06-12','10:00:00','2021-06-09 10:00:00'),
(2,60,4,null,'sessionpaymentdirectdebit','2021-06-13','10:00:00','2021-06-10 10:00:00'),
(6,60,4,null,'sessionpaymentdirectdebit','2021-06-13','10:00:00','2021-06-10 10:00:00'),
(1,60,4,null,'sessionpaymentdirectdebit','2021-06-15','10:00:00','2021-06-12 10:00:00'),
(1,60,4,null,'sessionpaymentdirectdebit','2021-06-17','10:00:00','2021-06-14 10:00:00'),
(1,60,4,null,'sessionpaymentdirectdebit','2021-06-18','10:00:00','2021-06-15 10:00:00'),
(9,60,4,null,'sessionpaymentdirectdebit','2021-06-20','10:00:00','2021-06-17 10:00:00'),
(11,60,4,null,'sessionpaymentdirectdebit','2021-06-22','10:00:00','2021-06-19 10:00:00'),
(2,60,4,null,'sessionpaymentdirectdebit','2021-06-22','10:00:00','2021-06-19 10:00:00'),
(16,60,4,null,'sessionpaymentdirectdebit','2021-06-24','10:00:00','2021-06-21 10:00:00'),
(1,60,4,null,'sessionpaymentdirectdebit','2021-06-27','10:00:00','2021-06-24 10:00:00'),
(17,60,4,null,'sessionpaymentdirectdebit','2021-06-27','10:00:00','2021-06-24 10:00:00'),
(19,200,3, null,  'monthlypaymentdirectdebit', '2021-07-01', '10:00:00' ,'2021-06-28 10:00:00'),
(21,200,3, null,  'monthlypaymentdirectdebit', '2021-07-01', '10:00:00' ,'2021-06-28 10:00:00'),
(31,200,3, null,  'monthlypaymentdirectdebit', '2021-07-01', '10:00:00' ,'2021-06-28 10:00:00'),
(32,200,3, null,  'monthlypaymentdirectdebit', '2021-07-01', '10:00:00' ,'2021-06-28 10:00:00'),
(33,200,3, null,  'monthlypaymentdirectdebit', '2021-07-01', '10:00:00' ,'2021-06-28 10:00:00'),
(34,200,3, null,  'monthlypaymentdirectdebit', '2021-07-01', '10:00:00' ,'2021-06-28 10:00:00'),
(3,60,4,null,'sessionpaymentdirectdebit','2021-07-14','10:00:00','2021-07-11 10:00:00'),
(7,60,4,null,'sessionpaymentdirectdebit','2021-07-16','10:00:00','2021-07-13 10:00:00'),
(7,60,4,null,'sessionpaymentdirectdebit','2021-07-18','10:00:00','2021-07-15 10:00:00'),
(2,60,4,null,'sessionpaymentdirectdebit','2021-07-21','10:00:00','2021-07-18 10:00:00'),
(1,60,4,null,'sessionpaymentdirectdebit','2021-07-25','10:00:00','2021-07-22 10:00:00'),
(7,60,4,null,'sessionpaymentdirectdebit','2021-07-25','10:00:00','2021-07-22 10:00:00'),
(12,60,4,null,'sessionpaymentdirectdebit','2021-07-27','10:00:00','2021-07-24 10:00:00'),
(1,60,4,null,'sessionpaymentdirectdebit','2021-07-28','10:00:00','2021-07-25 10:00:00'),
(19,200,3, null,  'monthlypaymentdirectdebit', '2021-08-01', '10:00:00' ,'2021-07-29 10:00:00'),
(21,200,3, null,  'monthlypaymentdirectdebit', '2021-08-01', '10:00:00' ,'2021-07-29 10:00:00'),
(31,200,3, null,  'monthlypaymentdirectdebit', '2021-08-01', '10:00:00' ,'2021-07-29 10:00:00'),
(32,200,3, null,  'monthlypaymentdirectdebit', '2021-08-01', '10:00:00' ,'2021-07-29 10:00:00'),
(33,200,3, null,  'monthlypaymentdirectdebit', '2021-08-01', '10:00:00' ,'2021-07-29 10:00:00'),
(34,200,3, null,  'monthlypaymentdirectdebit', '2021-08-01', '10:00:00' ,'2021-07-29 10:00:00'),
(35,200,3, null,  'monthlypaymentdirectdebit', '2021-08-01', '10:00:00' ,'2021-07-29 10:00:00'),
(14,60,4,null,'sessionpaymentdirectdebit','2021-08-10','10:00:00','2021-08-07 10:00:00'),
(17,60,4,null,'sessionpaymentdirectdebit','2021-08-10','10:00:00','2021-08-07 10:00:00'),
(16,60,4,null,'sessionpaymentdirectdebit','2021-08-11','10:00:00','2021-08-08 10:00:00'),
(12,60,4,null,'sessionpaymentdirectdebit','2021-08-11','10:00:00','2021-08-08 10:00:00'),
(1,60,4,null,'sessionpaymentdirectdebit','2021-08-12','10:00:00','2021-08-09 10:00:00'),
(3,60,4,null,'sessionpaymentdirectdebit','2021-08-14','10:00:00','2021-08-11 10:00:00'),
(16,60,4,null,'sessionpaymentdirectdebit','2021-08-16','10:00:00','2021-08-13 10:00:00'),
(6,60,4,null,'sessionpaymentdirectdebit','2021-08-19','10:00:00','2021-08-16 10:00:00'),
(17,60,4,null,'sessionpaymentdirectdebit','2021-08-22','10:00:00','2021-08-19 10:00:00'),
(17,60,4,null,'sessionpaymentdirectdebit','2021-08-26','10:00:00','2021-08-23 10:00:00'),
(13,60,4,null,'sessionpaymentdirectdebit','2021-08-26','10:00:00','2021-08-23 10:00:00'),
(19,200,3, null,  'monthlypaymentdirectdebit', '2021-09-01', '10:00:00' ,'2021-08-29 10:00:00'),
(20,200,3, null,  'monthlypaymentdirectdebit', '2021-09-01', '10:00:00' ,'2021-08-29 10:00:00'),
(21,200,3, null,  'monthlypaymentdirectdebit', '2021-09-01', '10:00:00' ,'2021-08-29 10:00:00'),
(31,200,3, null,  'monthlypaymentdirectdebit', '2021-09-01', '10:00:00' ,'2021-08-29 10:00:00'),
(32,200,3, null,  'monthlypaymentdirectdebit', '2021-09-01', '10:00:00' ,'2021-08-29 10:00:00'),
(33,200,3, null,  'monthlypaymentdirectdebit', '2021-09-01', '10:00:00' ,'2021-08-29 10:00:00'),
(34,200,3, null,  'monthlypaymentdirectdebit', '2021-09-01', '10:00:00' ,'2021-08-29 10:00:00'),
(35,200,3, null,  'monthlypaymentdirectdebit', '2021-09-01', '10:00:00' ,'2021-08-29 10:00:00'),
(36,200,3, null,  'monthlypaymentdirectdebit', '2021-09-01', '10:00:00' ,'2021-08-29 10:00:00'),
(11,60,4,null,'sessionpaymentdirectdebit','2021-09-10','10:00:00','2021-09-07 10:00:00'),
(13,60,4,null,'sessionpaymentdirectdebit','2021-09-13','10:00:00','2021-09-10 10:00:00'),
(18,60,4,null,'sessionpaymentdirectdebit','2021-09-13','10:00:00','2021-09-10 10:00:00'),
(1,60,4,null,'sessionpaymentdirectdebit','2021-09-15','10:00:00','2021-09-12 10:00:00'),
(4,60,4,null,'sessionpaymentdirectdebit','2021-09-16','10:00:00','2021-09-13 10:00:00'),
(5,60,4,null,'sessionpaymentdirectdebit','2021-09-18','10:00:00','2021-09-15 10:00:00'),
(4,60,4,null,'sessionpaymentdirectdebit','2021-09-19','10:00:00','2021-09-16 10:00:00'),
(6,60,4,null,'sessionpaymentdirectdebit','2021-09-19','10:00:00','2021-09-16 10:00:00'),
(14,60,4,null,'sessionpaymentdirectdebit','2021-09-19','10:00:00','2021-09-16 10:00:00'),
(4,60,4,null,'sessionpaymentdirectdebit','2021-09-21','10:00:00','2021-09-18 10:00:00'),
(16,60,4,null,'sessionpaymentdirectdebit','2021-09-22','10:00:00','2021-09-19 10:00:00'),
(1,60,4,null,'sessionpaymentdirectdebit','2021-09-24','10:00:00','2021-09-21 10:00:00'),
(6,60,4,null,'sessionpaymentdirectdebit','2021-09-26','10:00:00','2021-09-23 10:00:00'),
(19,200,3, null,  'monthlypaymentdirectdebit', '2021-10-01', '10:00:00' ,'2021-09-28 10:00:00'),
(20,200,3, null,  'monthlypaymentdirectdebit', '2021-10-01', '10:00:00' ,'2021-09-28 10:00:00'),
(21,200,3, null,  'monthlypaymentdirectdebit', '2021-10-01', '10:00:00' ,'2021-09-28 10:00:00'),
(22,200,3, null,  'monthlypaymentdirectdebit', '2021-10-01', '10:00:00' ,'2021-09-28 10:00:00'),
(31,200,3, null,  'monthlypaymentdirectdebit', '2021-10-01', '10:00:00' ,'2021-09-28 10:00:00'),
(32,200,3, null,  'monthlypaymentdirectdebit', '2021-10-01', '10:00:00' ,'2021-09-28 10:00:00'),
(33,200,3, null,  'monthlypaymentdirectdebit', '2021-10-01', '10:00:00' ,'2021-09-28 10:00:00'),
(34,200,3, null,  'monthlypaymentdirectdebit', '2021-10-01', '10:00:00' ,'2021-09-28 10:00:00'),
(35,200,3, null,  'monthlypaymentdirectdebit', '2021-10-01', '10:00:00' ,'2021-09-28 10:00:00'),
(36,200,3, null,  'monthlypaymentdirectdebit', '2021-10-01', '10:00:00' ,'2021-09-28 10:00:00'),
(3,60,4,null,'sessionpaymentdirectdebit','2021-10-11','10:00:00','2021-10-08 10:00:00'),
(17,60,4,null,'sessionpaymentdirectdebit','2021-10-12','10:00:00','2021-10-09 10:00:00'),
(15,60,4,null,'sessionpaymentdirectdebit','2021-10-13','10:00:00','2021-10-10 10:00:00'),
(11,60,4,null,'sessionpaymentdirectdebit','2021-10-14','10:00:00','2021-10-11 10:00:00'),
(13,60,4,null,'sessionpaymentdirectdebit','2021-10-15','10:00:00','2021-10-12 10:00:00'),
(16,60,4,null,'sessionpaymentdirectdebit','2021-10-15','10:00:00','2021-10-12 10:00:00'),
(10,60,4,null,'sessionpaymentdirectdebit','2021-10-15','10:00:00','2021-10-12 10:00:00'),
(5,60,4,null,'sessionpaymentdirectdebit','2021-10-17','10:00:00','2021-10-14 10:00:00'),
(16,60,4,null,'sessionpaymentdirectdebit','2021-10-17','10:00:00','2021-10-14 10:00:00'),
(2,60,4,null,'sessionpaymentdirectdebit','2021-10-18','10:00:00','2021-10-15 10:00:00'),
(10,60,4,null,'sessionpaymentdirectdebit','2021-10-19','10:00:00','2021-10-16 10:00:00'),
(12,60,4,null,'sessionpaymentdirectdebit','2021-10-20','10:00:00','2021-10-17 10:00:00'),
(19,200,3, null,  'monthlypaymentdirectdebit', '2021-11-01', '10:00:00' ,'2021-10-29 10:00:00'),
(20,200,3, null,  'monthlypaymentdirectdebit', '2021-11-01', '10:00:00' ,'2021-10-29 10:00:00'),
(21,200,3, null,  'monthlypaymentdirectdebit', '2021-11-01', '10:00:00' ,'2021-10-29 10:00:00'),
(22,200,3, null,  'monthlypaymentdirectdebit', '2021-11-01', '10:00:00' ,'2021-10-29 10:00:00'),
(23,200,3, null,  'monthlypaymentdirectdebit', '2021-11-01', '10:00:00' ,'2021-10-29 10:00:00'),
(25,200,3, null,  'monthlypaymentdirectdebit', '2021-11-01', '10:00:00' ,'2021-10-29 10:00:00'),
(31,200,3, null,  'monthlypaymentdirectdebit', '2021-11-01', '10:00:00' ,'2021-10-29 10:00:00'),
(32,200,3, null,  'monthlypaymentdirectdebit', '2021-11-01', '10:00:00' ,'2021-10-29 10:00:00'),
(33,200,3, null,  'monthlypaymentdirectdebit', '2021-11-01', '10:00:00' ,'2021-10-29 10:00:00'),
(34,200,3, null,  'monthlypaymentdirectdebit', '2021-11-01', '10:00:00' ,'2021-10-29 10:00:00'),
(35,200,3, null,  'monthlypaymentdirectdebit', '2021-11-01', '10:00:00' ,'2021-10-29 10:00:00'),
(36,200,3, null,  'monthlypaymentdirectdebit', '2021-11-01', '10:00:00' ,'2021-10-29 10:00:00'),
(17,60,4,null,'sessionpaymentdirectdebit','2021-11-10','10:00:00','2021-11-07 10:00:00'),
(8,60,4,null,'sessionpaymentdirectdebit','2021-11-11','10:00:00','2021-11-08 10:00:00'),
(16,60,4,null,'sessionpaymentdirectdebit','2021-11-11','10:00:00','2021-11-08 10:00:00'),
(2,60,4,null,'sessionpaymentdirectdebit','2021-11-13','10:00:00','2021-11-10 10:00:00'),
(9,60,4,null,'sessionpaymentdirectdebit','2021-11-14','10:00:00','2021-11-11 10:00:00'),
(6,60,4,null,'sessionpaymentdirectdebit','2021-11-21','10:00:00','2021-11-18 10:00:00'),
(13,60,4,null,'sessionpaymentdirectdebit','2021-11-23','10:00:00','2021-11-20 10:00:00'),
(16,60,4,null,'sessionpaymentdirectdebit','2021-11-23','10:00:00','2021-11-20 10:00:00'),
(14,60,4,null,'sessionpaymentdirectdebit','2021-11-28','10:00:00','2021-11-25 10:00:00'),
(19,200,3, null,  'monthlypaymentdirectdebit', '2021-12-01', '10:00:00' ,'2021-11-28 10:00:00'),
(20,200,3, null,  'monthlypaymentdirectdebit', '2021-12-01', '10:00:00' ,'2021-11-28 10:00:00'),
(21,200,3, null,  'monthlypaymentdirectdebit', '2021-12-01', '10:00:00' ,'2021-11-28 10:00:00'),
(22,200,3, null,  'monthlypaymentdirectdebit', '2021-12-01', '10:00:00' ,'2021-11-28 10:00:00'),
(23,200,3, null,  'monthlypaymentdirectdebit', '2021-12-01', '10:00:00' ,'2021-11-28 10:00:00'),
(24,200,3, null,  'monthlypaymentdirectdebit', '2021-12-01', '10:00:00' ,'2021-11-28 10:00:00'),
(25,200,3, null,  'monthlypaymentdirectdebit', '2021-12-01', '10:00:00' ,'2021-11-28 10:00:00'),
(26,200,3, null,  'monthlypaymentdirectdebit', '2021-12-01', '10:00:00' ,'2021-11-28 10:00:00'),
(31,200,3, null,  'monthlypaymentdirectdebit', '2021-12-01', '10:00:00' ,'2021-11-28 10:00:00'),
(32,200,3, null,  'monthlypaymentdirectdebit', '2021-12-01', '10:00:00' ,'2021-11-28 10:00:00'),
(33,200,3, null,  'monthlypaymentdirectdebit', '2021-12-01', '10:00:00' ,'2021-11-28 10:00:00'),
(34,200,3, null,  'monthlypaymentdirectdebit', '2021-12-01', '10:00:00' ,'2021-11-28 10:00:00'),
(35,200,3, null,  'monthlypaymentdirectdebit', '2021-12-01', '10:00:00' ,'2021-11-28 10:00:00'),
(36,200,3, null,  'monthlypaymentdirectdebit', '2021-12-01', '10:00:00' ,'2021-11-28 10:00:00'),
(6,60,4,null,'sessionpaymentdirectdebit','2021-12-11','10:00:00','2021-12-08 10:00:00'),
(12,60,4,null,'sessionpaymentdirectdebit','2021-12-12','10:00:00','2021-12-09 10:00:00'),
(16,60,4,null,'sessionpaymentdirectdebit','2021-12-12','10:00:00','2021-12-09 10:00:00'),
(5,60,4,null,'sessionpaymentdirectdebit','2021-12-13','10:00:00','2021-12-10 10:00:00'),
(13,60,4,null,'sessionpaymentdirectdebit','2021-12-17','10:00:00','2021-12-14 10:00:00'),
(14,60,4,null,'sessionpaymentdirectdebit','2021-12-17','10:00:00','2021-12-14 10:00:00'),
(6,60,4,null,'sessionpaymentdirectdebit','2021-12-19','10:00:00','2021-12-16 10:00:00'),
(16,60,4,null,'sessionpaymentdirectdebit','2021-12-21','10:00:00','2021-12-18 10:00:00'),
(2,60,4,null,'sessionpaymentdirectdebit','2021-12-22','10:00:00','2021-12-19 10:00:00'),
(14,60,4,null,'sessionpaymentdirectdebit','2021-12-22','10:00:00','2021-12-19 10:00:00'),
(18,60,4,null,'sessionpaymentdirectdebit','2021-12-26','10:00:00','2021-12-23 10:00:00'),
(19,200,3, null,  'monthlypaymentdirectdebit', '2022-01-01', '10:00:00' ,'2021-12-29 10:00:00'),
(20,200,3, null,  'monthlypaymentdirectdebit', '2022-01-01', '10:00:00' ,'2021-12-29 10:00:00'),
(21,200,3, null,  'monthlypaymentdirectdebit', '2022-01-01', '10:00:00' ,'2021-12-29 10:00:00'),
(22,200,3, null,  'monthlypaymentdirectdebit', '2022-01-01', '10:00:00' ,'2021-12-29 10:00:00'),
(23,200,3, null,  'monthlypaymentdirectdebit', '2022-01-01', '10:00:00' ,'2021-12-29 10:00:00'),
(24,200,3, null,  'monthlypaymentdirectdebit', '2022-01-01', '10:00:00' ,'2021-12-29 10:00:00'),
(25,200,3, null,  'monthlypaymentdirectdebit', '2022-01-01', '10:00:00' ,'2021-12-29 10:00:00'),
(26,200,3, null,  'monthlypaymentdirectdebit', '2022-01-01', '10:00:00' ,'2021-12-29 10:00:00'),
(27,200,3, null,  'monthlypaymentdirectdebit', '2022-01-01', '10:00:00' ,'2021-12-29 10:00:00'),
(28,200,3, null,  'monthlypaymentdirectdebit', '2022-01-01', '10:00:00' ,'2021-12-29 10:00:00'),
(31,200,3, null,  'monthlypaymentdirectdebit', '2022-01-01', '10:00:00' ,'2021-12-29 10:00:00'),
(32,200,3, null,  'monthlypaymentdirectdebit', '2022-01-01', '10:00:00' ,'2021-12-29 10:00:00'),
(33,200,3, null,  'monthlypaymentdirectdebit', '2022-01-01', '10:00:00' ,'2021-12-29 10:00:00'),
(34,200,3, null,  'monthlypaymentdirectdebit', '2022-01-01', '10:00:00' ,'2021-12-29 10:00:00'),
(35,200,3, null,  'monthlypaymentdirectdebit', '2022-01-01', '10:00:00' ,'2021-12-29 10:00:00'),
(36,200,3, null,  'monthlypaymentdirectdebit', '2022-01-01', '10:00:00' ,'2021-12-29 10:00:00'),
(16,60,4,null,'sessionpaymentdirectdebit','2022-01-12','10:00:00','2022-01-09 10:00:00'),
(16,60,4,null,'sessionpaymentdirectdebit','2022-01-12','10:00:00','2022-01-09 10:00:00'),
(3,60,4,null,'sessionpaymentdirectdebit','2022-01-13','10:00:00','2022-01-10 10:00:00'),
(14,60,4,null,'sessionpaymentdirectdebit','2022-01-13','10:00:00','2022-01-10 10:00:00'),
(5,60,4,null,'sessionpaymentdirectdebit','2022-01-14','10:00:00','2022-01-11 10:00:00'),
(16,60,4,null,'sessionpaymentdirectdebit','2022-01-15','10:00:00','2022-01-12 10:00:00'),
(12,60,4,null,'sessionpaymentdirectdebit','2022-01-15','10:00:00','2022-01-12 10:00:00'),
(7,60,4,null,'sessionpaymentdirectdebit','2022-01-15','10:00:00','2022-01-12 10:00:00'),
(16,60,4,null,'sessionpaymentdirectdebit','2022-01-15','10:00:00','2022-01-12 10:00:00'),
(8,60,4,null,'sessionpaymentdirectdebit','2022-01-16','10:00:00','2022-01-13 10:00:00'),
(13,60,4,null,'sessionpaymentdirectdebit','2022-01-27','10:00:00','2022-01-24 10:00:00'),
(8,60,4,null,'sessionpaymentdirectdebit','2022-01-28','10:00:00','2022-01-25 10:00:00'),
(19,200,3, null,  'monthlypaymentdirectdebit', '2022-02-01', '10:00:00' ,'2022-01-29 10:00:00'),
(20,200,3, null,  'monthlypaymentdirectdebit', '2022-02-01', '10:00:00' ,'2022-01-29 10:00:00'),
(21,200,3, null,  'monthlypaymentdirectdebit', '2022-02-01', '10:00:00' ,'2022-01-29 10:00:00'),
(22,200,3, null,  'monthlypaymentdirectdebit', '2022-02-01', '10:00:00' ,'2022-01-29 10:00:00'),
(23,200,3, null,  'monthlypaymentdirectdebit', '2022-02-01', '10:00:00' ,'2022-01-29 10:00:00'),
(24,200,3, null,  'monthlypaymentdirectdebit', '2022-02-01', '10:00:00' ,'2022-01-29 10:00:00'),
(25,200,3, null,  'monthlypaymentdirectdebit', '2022-02-01', '10:00:00' ,'2022-01-29 10:00:00'),
(26,200,3, null,  'monthlypaymentdirectdebit', '2022-02-01', '10:00:00' ,'2022-01-29 10:00:00'),
(27,200,3, null,  'monthlypaymentdirectdebit', '2022-02-01', '10:00:00' ,'2022-01-29 10:00:00'),
(28,200,3, null,  'monthlypaymentdirectdebit', '2022-02-01', '10:00:00' ,'2022-01-29 10:00:00'),
(29,200,3, null,  'monthlypaymentdirectdebit', '2022-02-01', '10:00:00' ,'2022-01-29 10:00:00'),
(31,200,3, null,  'monthlypaymentdirectdebit', '2022-02-01', '10:00:00' ,'2022-01-29 10:00:00'),
(32,200,3, null,  'monthlypaymentdirectdebit', '2022-02-01', '10:00:00' ,'2022-01-29 10:00:00'),
(33,200,3, null,  'monthlypaymentdirectdebit', '2022-02-01', '10:00:00' ,'2022-01-29 10:00:00'),
(34,200,3, null,  'monthlypaymentdirectdebit', '2022-02-01', '10:00:00' ,'2022-01-29 10:00:00'),
(35,200,3, null,  'monthlypaymentdirectdebit', '2022-02-01', '10:00:00' ,'2022-01-29 10:00:00'),
(36,200,3, null,  'monthlypaymentdirectdebit', '2022-02-01', '10:00:00' ,'2022-01-29 10:00:00'),
(8,60,4,null,'sessionpaymentdirectdebit','2022-02-12','10:00:00','2022-02-09 10:00:00'),
(16,60,4,null,'sessionpaymentdirectdebit','2022-02-12','10:00:00','2022-02-09 10:00:00'),
(13,60,4,null,'sessionpaymentdirectdebit','2022-02-14','10:00:00','2022-02-11 10:00:00'),
(16,60,4,null,'sessionpaymentdirectdebit','2022-02-15','10:00:00','2022-02-12 10:00:00'),
(2,60,4,null,'sessionpaymentdirectdebit','2022-02-16','10:00:00','2022-02-13 10:00:00'),
(7,60,4,null,'sessionpaymentdirectdebit','2022-02-16','10:00:00','2022-02-13 10:00:00'),
(17,60,4,null,'sessionpaymentdirectdebit','2022-02-17','10:00:00','2022-02-14 10:00:00'),
(11,60,4,null,'sessionpaymentdirectdebit','2022-02-20','10:00:00','2022-02-17 10:00:00'),
(14,60,4,null,'sessionpaymentdirectdebit','2022-02-21','10:00:00','2022-02-18 10:00:00'),
(14,60,4,null,'sessionpaymentdirectdebit','2022-02-22','10:00:00','2022-02-19 10:00:00'),
(14,60,4,null,'sessionpaymentdirectdebit','2022-02-22','10:00:00','2022-02-19 10:00:00'),
(7,60,4,null,'sessionpaymentdirectdebit','2022-02-23','10:00:00','2022-02-20 10:00:00'),
(14,60,4,null,'sessionpaymentdirectdebit','2022-02-23','10:00:00','2022-02-20 10:00:00'),
(3,60,4,null,'sessionpaymentdirectdebit','2022-02-23','10:00:00','2022-02-20 10:00:00'),
(3,60,4,null,'sessionpaymentdirectdebit','2022-02-26','10:00:00','2022-02-23 10:00:00'),
(5,60,4,null,'sessionpaymentdirectdebit','2022-02-26','10:00:00','2022-02-23 10:00:00'),
(7,60,4,null,'sessionpaymentdirectdebit','2022-02-27','10:00:00','2022-02-24 10:00:00'),
(18,60,4,null,'sessionpaymentdirectdebit','2022-02-28','10:00:00','2022-02-25 10:00:00'),
(15,60,4,null,'sessionpaymentdirectdebit','2022-02-28','10:00:00','2022-02-25 10:00:00'),
(19,200,3, null,  'monthlypaymentdirectdebit', '2022-03-01', '10:00:00' ,'2022-02-26 10:00:00'),
(20,200,3, null,  'monthlypaymentdirectdebit', '2022-03-01', '10:00:00' ,'2022-02-26 10:00:00'),
(21,200,3, null,  'monthlypaymentdirectdebit', '2022-03-01', '10:00:00' ,'2022-02-26 10:00:00'),
(22,200,3, null,  'monthlypaymentdirectdebit', '2022-03-01', '10:00:00' ,'2022-02-26 10:00:00'),
(23,200,3, null,  'monthlypaymentdirectdebit', '2022-03-01', '10:00:00' ,'2022-02-26 10:00:00'),
(24,200,3, null,  'monthlypaymentdirectdebit', '2022-03-01', '10:00:00' ,'2022-02-26 10:00:00'),
(25,200,3, null,  'monthlypaymentdirectdebit', '2022-03-01', '10:00:00' ,'2022-02-26 10:00:00'),
(26,200,3, null,  'monthlypaymentdirectdebit', '2022-03-01', '10:00:00' ,'2022-02-26 10:00:00'),
(27,200,3, null,  'monthlypaymentdirectdebit', '2022-03-01', '10:00:00' ,'2022-02-26 10:00:00'),
(28,200,3, null,  'monthlypaymentdirectdebit', '2022-03-01', '10:00:00' ,'2022-02-26 10:00:00'),
(29,200,3, null,  'monthlypaymentdirectdebit', '2022-03-01', '10:00:00' ,'2022-02-26 10:00:00'),
(30,200,3, null,  'monthlypaymentdirectdebit', '2022-03-01', '10:00:00' ,'2022-02-26 10:00:00'),
(31,200,3, null,  'monthlypaymentdirectdebit', '2022-03-01', '10:00:00' ,'2022-02-26 10:00:00'),
(32,200,3, null,  'monthlypaymentdirectdebit', '2022-03-01', '10:00:00' ,'2022-02-26 10:00:00'),
(33,200,3, null,  'monthlypaymentdirectdebit', '2022-03-01', '10:00:00' ,'2022-02-26 10:00:00'),
(34,200,3, null,  'monthlypaymentdirectdebit', '2022-03-01', '10:00:00' ,'2022-02-26 10:00:00'),
(35,200,3, null,  'monthlypaymentdirectdebit', '2022-03-01', '10:00:00' ,'2022-02-26 10:00:00'),
(36,200,3, null,  'monthlypaymentdirectdebit', '2022-03-01', '10:00:00' ,'2022-02-26 10:00:00'),
(9,60,4,null,'sessionpaymentdirectdebit','2022-03-14','10:00:00','2022-03-11 10:00:00'),
(2,60,4,null,'sessionpaymentdirectdebit','2022-03-15','10:00:00','2022-03-12 10:00:00'),
(17,60,4,null,'sessionpaymentdirectdebit','2022-03-16','10:00:00','2022-03-13 10:00:00'),
(3,60,4,null,'sessionpaymentdirectdebit','2022-03-20','10:00:00','2022-03-17 10:00:00'),
(9,60,4,null,'sessionpaymentdirectdebit','2022-03-21','10:00:00','2022-03-18 10:00:00'),
(8,60,4,null,'sessionpaymentdirectdebit','2022-03-21','10:00:00','2022-03-18 10:00:00'),
(11,60,4,null,'sessionpaymentdirectdebit','2022-03-22','10:00:00','2022-03-19 10:00:00'),
(10,60,4,null,'sessionpaymentdirectdebit','2022-03-25','10:00:00','2022-03-22 10:00:00'),
( 13 ,152,1, null ,  'topupbalance' , '2022-03-26', '10:00:00' ,'2022-03-23 10:00:00'),
(16,60,4,null,'sessionpaymentdirectdebit','2022-03-26','10:00:00','2022-03-23 10:00:00'),
(1,60,4,null,'sessionpaymentdirectdebit','2022-03-27','10:00:00','2022-03-24 10:00:00'),
(17,60,4,null,'sessionpaymentdirectdebit','2022-03-28','10:00:00','2022-03-25 10:00:00'),
(15,60,4,null,'sessionpaymentdirectdebit','2022-03-28','10:00:00','2022-03-25 10:00:00'),
( 3 ,100,1, null ,  'topupbalance' , '2022-03-31', '10:00:00' ,'2022-03-28 10:00:00'),
( 3 ,200,3, null ,  'monthlypaymentdirectdebit' , '2022-04-01', '10:00:00' ,'2022-03-29 10:00:00'),
( 13 ,200,3, null ,  'monthlypaymentdirectdebit' , '2022-04-01', '10:00:00' ,'2022-03-29 10:00:00'),
(19,200,3, null,  'monthlypaymentdirectdebit', '2022-04-01', '10:00:00' ,'2022-03-29 10:00:00'),
(20,200,3, null,  'monthlypaymentdirectdebit', '2022-04-01', '10:00:00' ,'2022-03-29 10:00:00'),
(21,200,3, null,  'monthlypaymentdirectdebit', '2022-04-01', '10:00:00' ,'2022-03-29 10:00:00'),
(22,200,3, null,  'monthlypaymentdirectdebit', '2022-04-01', '10:00:00' ,'2022-03-29 10:00:00'),
(23,200,3, null,  'monthlypaymentdirectdebit', '2022-04-01', '10:00:00' ,'2022-03-29 10:00:00'),
(24,200,3, null,  'monthlypaymentdirectdebit', '2022-04-01', '10:00:00' ,'2022-03-29 10:00:00'),
(25,200,3, null,  'monthlypaymentdirectdebit', '2022-04-01', '10:00:00' ,'2022-03-29 10:00:00'),
(26,200,3, null,  'monthlypaymentdirectdebit', '2022-04-01', '10:00:00' ,'2022-03-29 10:00:00'),
(27,200,3, null,  'monthlypaymentdirectdebit', '2022-04-01', '10:00:00' ,'2022-03-29 10:00:00'),
(28,200,3, null,  'monthlypaymentdirectdebit', '2022-04-01', '10:00:00' ,'2022-03-29 10:00:00'),
(29,200,3, null,  'monthlypaymentdirectdebit', '2022-04-01', '10:00:00' ,'2022-03-29 10:00:00'),
(30,200,3, null,  'monthlypaymentdirectdebit', '2022-04-01', '10:00:00' ,'2022-03-29 10:00:00'),
(31,200,3, null,  'monthlypaymentdirectdebit', '2022-04-01', '10:00:00' ,'2022-03-29 10:00:00'),
(32,200,3, null,  'monthlypaymentdirectdebit', '2022-04-01', '10:00:00' ,'2022-03-29 10:00:00'),
(33,200,3, null,  'monthlypaymentdirectdebit', '2022-04-01', '10:00:00' ,'2022-03-29 10:00:00'),
(34,200,3, null,  'monthlypaymentdirectdebit', '2022-04-01', '10:00:00' ,'2022-03-29 10:00:00'),
(35,200,3, null,  'monthlypaymentdirectdebit', '2022-04-01', '10:00:00' ,'2022-03-29 10:00:00'),
(36,200,3, null,  'monthlypaymentdirectdebit', '2022-04-01', '10:00:00' ,'2022-03-29 10:00:00'),
(5,60,4,null,'sessionpaymentdirectdebit','2022-04-10','10:00:00','2022-04-07 10:00:00'),
(10,60,4,null,'sessionpaymentdirectdebit','2022-04-11','10:00:00','2022-04-08 10:00:00'),
(15,60,4,null,'sessionpaymentdirectdebit','2022-04-11','10:00:00','2022-04-08 10:00:00'),
(3,60,4,null,'sessionpaymentdirectdebit','2022-04-12','10:00:00','2022-04-09 10:00:00'),
(17,60,4,null,'sessionpaymentdirectdebit','2022-04-12','10:00:00','2022-04-09 10:00:00'),
(13,60,4,null,'sessionpaymentdirectdebit','2022-04-13','10:00:00','2022-04-10 10:00:00'),
(5,60,4,null,'sessionpaymentdirectdebit','2022-04-15','10:00:00','2022-04-12 10:00:00'),
(14,60,4,null,'sessionpaymentdirectdebit','2022-04-16','10:00:00','2022-04-13 10:00:00'),
(7,60,4,null,'sessionpaymentdirectdebit','2022-04-17','10:00:00','2022-04-14 10:00:00'),
(8,60,4,null,'sessionpaymentdirectdebit','2022-04-18','10:00:00','2022-04-15 10:00:00'),
(2,60,4,null,'sessionpaymentdirectdebit','2022-04-20','10:00:00','2022-04-17 10:00:00'),
(10,60,4,null,'sessionpaymentdirectdebit','2022-04-22','10:00:00','2022-04-19 10:00:00'),
(14,60,4,null,'sessionpaymentdirectdebit','2022-04-22','10:00:00','2022-04-19 10:00:00'),
(15,60,4,null,'sessionpaymentdirectdebit','2022-04-24','10:00:00','2022-04-21 10:00:00'),
( 14 ,172,1, null ,  'topupbalance' , '2022-04-25', '10:00:00' ,'2022-04-22 10:00:00'),
(7,60,4,null,'sessionpaymentdirectdebit','2022-04-25','10:00:00','2022-04-22 10:00:00'),
(17,60,4,null,'sessionpaymentdirectdebit','2022-04-26','10:00:00','2022-04-23 10:00:00'),
( 1 ,200,3, null ,  'monthlypaymentdirectdebit' , '2022-05-01', '10:00:00' ,'2022-04-28 10:00:00'),
( 3 ,200,3, null ,  'monthlypaymentdirectdebit' , '2022-05-01', '10:00:00' ,'2022-04-28 10:00:00'),
( 13 ,200,3, null ,  'monthlypaymentdirectdebit' , '2022-05-01', '10:00:00' ,'2022-04-28 10:00:00'),
( 14 ,200,3, null ,  'monthlypaymentdirectdebit' , '2022-05-01', '10:00:00' ,'2022-04-28 10:00:00'),
(19,200,3, null,  'monthlypaymentdirectdebit', '2022-05-01', '10:00:00' ,'2022-04-28 10:00:00'),
(20,200,3, null,  'monthlypaymentdirectdebit', '2022-05-01', '10:00:00' ,'2022-04-28 10:00:00'),
(22,200,3, null,  'monthlypaymentdirectdebit', '2022-05-01', '10:00:00' ,'2022-04-28 10:00:00'),
(23,200,3, null,  'monthlypaymentdirectdebit', '2022-05-01', '10:00:00' ,'2022-04-28 10:00:00'),
(24,200,3, null,  'monthlypaymentdirectdebit', '2022-05-01', '10:00:00' ,'2022-04-28 10:00:00'),
(25,200,3, null,  'monthlypaymentdirectdebit', '2022-05-01', '10:00:00' ,'2022-04-28 10:00:00'),
(26,200,3, null,  'monthlypaymentdirectdebit', '2022-05-01', '10:00:00' ,'2022-04-28 10:00:00'),
(27,200,3, null,  'monthlypaymentdirectdebit', '2022-05-01', '10:00:00' ,'2022-04-28 10:00:00'),
(28,200,3, null,  'monthlypaymentdirectdebit', '2022-05-01', '10:00:00' ,'2022-04-28 10:00:00'),
(29,200,3, null,  'monthlypaymentdirectdebit', '2022-05-01', '10:00:00' ,'2022-04-28 10:00:00'),
(30,200,3, null,  'monthlypaymentdirectdebit', '2022-05-01', '10:00:00' ,'2022-04-28 10:00:00'),
(31,200,3, null,  'monthlypaymentdirectdebit', '2022-05-01', '10:00:00' ,'2022-04-28 10:00:00'),
(32,200,3, null,  'monthlypaymentdirectdebit', '2022-05-01', '10:00:00' ,'2022-04-28 10:00:00'),
(33,200,3, null,  'monthlypaymentdirectdebit', '2022-05-01', '10:00:00' ,'2022-04-28 10:00:00'),
(34,200,3, null,  'monthlypaymentdirectdebit', '2022-05-01', '10:00:00' ,'2022-04-28 10:00:00'),
(35,200,3, null,  'monthlypaymentdirectdebit', '2022-05-01', '10:00:00' ,'2022-04-28 10:00:00'),
(36,200,3, null,  'monthlypaymentdirectdebit', '2022-05-01', '10:00:00' ,'2022-04-28 10:00:00'),
(3,60,4,null,'sessionpaymentdirectdebit','2022-05-11','10:00:00','2022-05-08 10:00:00'),
(1,60,4,null,'sessionpaymentdirectdebit','2022-05-11','10:00:00','2022-05-08 10:00:00'),
(2,60,4,null,'sessionpaymentdirectdebit','2022-05-13','10:00:00','2022-05-10 10:00:00'),
(3,60,4,null,'sessionpaymentdirectdebit','2022-05-13','10:00:00','2022-05-10 10:00:00'),
(5,60,4,null,'sessionpaymentdirectdebit','2022-05-13','10:00:00','2022-05-10 10:00:00'),
(9,60,4,null,'sessionpaymentdirectdebit','2022-05-14','10:00:00','2022-05-11 10:00:00'),
(6,60,4,null,'sessionpaymentdirectdebit','2022-05-14','10:00:00','2022-05-11 10:00:00'),
(16,60,4,null,'sessionpaymentdirectdebit','2022-05-16','10:00:00','2022-05-13 10:00:00'),
(3,60,4,null,'sessionpaymentdirectdebit','2022-05-17','10:00:00','2022-05-14 10:00:00'),
(9,60,4,null,'sessionpaymentdirectdebit','2022-05-18','10:00:00','2022-05-15 10:00:00'),
(5,60,4,null,'sessionpaymentdirectdebit','2022-05-18','10:00:00','2022-05-15 10:00:00'),
(3,60,4,null,'sessionpaymentdirectdebit','2022-05-19','10:00:00','2022-05-16 10:00:00'),
(5,60,4,null,'sessionpaymentdirectdebit','2022-05-19','10:00:00','2022-05-16 10:00:00'),
(1,60,4,null,'sessionpaymentdirectdebit','2022-05-20','10:00:00','2022-05-17 10:00:00'),
(17,60,4,null,'sessionpaymentdirectdebit','2022-05-20','10:00:00','2022-05-17 10:00:00'),
(18,60,4,null,'sessionpaymentdirectdebit','2022-05-21','10:00:00','2022-05-18 10:00:00'),
(7,60,4,null,'sessionpaymentdirectdebit','2022-05-22','10:00:00','2022-05-19 10:00:00'),
(9,60,4,null,'sessionpaymentdirectdebit','2022-05-23','10:00:00','2022-05-20 10:00:00'),
( 15 ,192,1, null ,  'topupbalance' , '2022-05-25', '10:00:00' ,'2022-05-22 10:00:00'),
(15,60,4,null,'sessionpaymentdirectdebit','2022-05-25','10:00:00','2022-05-22 10:00:00'),
(8,60,4,null,'sessionpaymentdirectdebit','2022-05-28','10:00:00','2022-05-25 10:00:00'),
( 1 ,200,3, null ,  'monthlypaymentdirectdebit' , '2022-06-01', '10:00:00' ,'2022-05-29 10:00:00'),
( 3 ,200,3, null ,  'monthlypaymentdirectdebit' , '2022-06-01', '10:00:00' ,'2022-05-29 10:00:00'),
( 13 ,200,3, null ,  'monthlypaymentdirectdebit' , '2022-06-01', '10:00:00' ,'2022-05-29 10:00:00'),
( 14 ,200,3, null ,  'monthlypaymentdirectdebit' , '2022-06-01', '10:00:00' ,'2022-05-29 10:00:00'),
( 15 ,200,3, null ,  'monthlypaymentdirectdebit' , '2022-06-01', '10:00:00' ,'2022-05-29 10:00:00'),
(20,200,3, null,  'monthlypaymentdirectdebit', '2022-06-01', '10:00:00' ,'2022-05-29 10:00:00'),
(22,200,3, null,  'monthlypaymentdirectdebit', '2022-06-01', '10:00:00' ,'2022-05-29 10:00:00'),
(23,200,3, null,  'monthlypaymentdirectdebit', '2022-06-01', '10:00:00' ,'2022-05-29 10:00:00'),
(24,200,3, null,  'monthlypaymentdirectdebit', '2022-06-01', '10:00:00' ,'2022-05-29 10:00:00'),
(25,200,3, null,  'monthlypaymentdirectdebit', '2022-06-01', '10:00:00' ,'2022-05-29 10:00:00'),
(26,200,3, null,  'monthlypaymentdirectdebit', '2022-06-01', '10:00:00' ,'2022-05-29 10:00:00'),
(27,200,3, null,  'monthlypaymentdirectdebit', '2022-06-01', '10:00:00' ,'2022-05-29 10:00:00'),
(28,200,3, null,  'monthlypaymentdirectdebit', '2022-06-01', '10:00:00' ,'2022-05-29 10:00:00'),
(29,200,3, null,  'monthlypaymentdirectdebit', '2022-06-01', '10:00:00' ,'2022-05-29 10:00:00'),
(30,200,3, null,  'monthlypaymentdirectdebit', '2022-06-01', '10:00:00' ,'2022-05-29 10:00:00'),
(31,200,3, null,  'monthlypaymentdirectdebit', '2022-06-01', '10:00:00' ,'2022-05-29 10:00:00'),
(32,200,3, null,  'monthlypaymentdirectdebit', '2022-06-01', '10:00:00' ,'2022-05-29 10:00:00'),
(33,200,3, null,  'monthlypaymentdirectdebit', '2022-06-01', '10:00:00' ,'2022-05-29 10:00:00'),
(34,200,3, null,  'monthlypaymentdirectdebit', '2022-06-01', '10:00:00' ,'2022-05-29 10:00:00'),
(35,200,3, null,  'monthlypaymentdirectdebit', '2022-06-01', '10:00:00' ,'2022-05-29 10:00:00'),
(36,200,3, null,  'monthlypaymentdirectdebit', '2022-06-01', '10:00:00' ,'2022-05-29 10:00:00'),
(3,60,4,null,'sessionpaymentdirectdebit','2022-06-10','10:00:00','2022-06-07 10:00:00'),
(5,60,4,null,'sessionpaymentdirectdebit','2022-06-10','10:00:00','2022-06-07 10:00:00'),
(6,60,4,null,'sessionpaymentdirectdebit','2022-06-11','10:00:00','2022-06-08 10:00:00'),
(15,60,4,null,'sessionpaymentdirectdebit','2022-06-12','10:00:00','2022-06-09 10:00:00'),
(16,60,4,null,'sessionpaymentdirectdebit','2022-06-12','10:00:00','2022-06-09 10:00:00'),
(12,60,4,null,'sessionpaymentdirectdebit','2022-06-18','10:00:00','2022-06-15 10:00:00'),
(18,60,4,null,'sessionpaymentdirectdebit','2022-06-19','10:00:00','2022-06-16 10:00:00'),
( 16 ,212,1, null ,  'topupbalance' , '2022-06-24', '10:00:00' ,'2022-06-21 10:00:00'),
(18,60,4,null,'sessionpaymentdirectdebit','2022-06-24','10:00:00','2022-06-21 10:00:00'),
(16,60,4,null,'sessionpaymentdirectdebit','2022-06-25','10:00:00','2022-06-22 10:00:00'),
(6,60,4,null,'sessionpaymentdirectdebit','2022-06-25','10:00:00','2022-06-22 10:00:00'),
(6,60,4,null,'sessionpaymentdirectdebit','2022-06-26','10:00:00','2022-06-23 10:00:00'),
(11,60,4,null,'sessionpaymentdirectdebit','2022-06-26','10:00:00','2022-06-23 10:00:00'),
(6,60,4,null,'sessionpaymentdirectdebit','2022-06-27','10:00:00','2022-06-24 10:00:00'),
( 1 ,200,3, null ,  'monthlypaymentdirectdebit' , '2022-07-01', '10:00:00' ,'2022-06-28 10:00:00'),
( 3 ,200,3, null ,  'monthlypaymentdirectdebit' , '2022-07-01', '10:00:00' ,'2022-06-28 10:00:00'),
( 13 ,200,3, null ,  'monthlypaymentdirectdebit' , '2022-07-01', '10:00:00' ,'2022-06-28 10:00:00'),
( 14 ,200,3, null ,  'monthlypaymentdirectdebit' , '2022-07-01', '10:00:00' ,'2022-06-28 10:00:00'),
( 15 ,200,3, null ,  'monthlypaymentdirectdebit' , '2022-07-01', '10:00:00' ,'2022-06-28 10:00:00'),
( 16 ,200,3, null ,  'monthlypaymentdirectdebit' , '2022-07-01', '10:00:00' ,'2022-06-28 10:00:00'),
(20,200,3, null,  'monthlypaymentdirectdebit', '2022-07-01', '10:00:00' ,'2022-06-28 10:00:00'),
(22,200,3, null,  'monthlypaymentdirectdebit', '2022-07-01', '10:00:00' ,'2022-06-28 10:00:00'),
(23,200,3, null,  'monthlypaymentdirectdebit', '2022-07-01', '10:00:00' ,'2022-06-28 10:00:00'),
(24,200,3, null,  'monthlypaymentdirectdebit', '2022-07-01', '10:00:00' ,'2022-06-28 10:00:00'),
(25,200,3, null,  'monthlypaymentdirectdebit', '2022-07-01', '10:00:00' ,'2022-06-28 10:00:00'),
(26,200,3, null,  'monthlypaymentdirectdebit', '2022-07-01', '10:00:00' ,'2022-06-28 10:00:00'),
(27,200,3, null,  'monthlypaymentdirectdebit', '2022-07-01', '10:00:00' ,'2022-06-28 10:00:00'),
(28,200,3, null,  'monthlypaymentdirectdebit', '2022-07-01', '10:00:00' ,'2022-06-28 10:00:00'),
(29,200,3, null,  'monthlypaymentdirectdebit', '2022-07-01', '10:00:00' ,'2022-06-28 10:00:00'),
(30,200,3, null,  'monthlypaymentdirectdebit', '2022-07-01', '10:00:00' ,'2022-06-28 10:00:00'),
(31,200,3, null,  'monthlypaymentdirectdebit', '2022-07-01', '10:00:00' ,'2022-06-28 10:00:00'),
(32,200,3, null,  'monthlypaymentdirectdebit', '2022-07-01', '10:00:00' ,'2022-06-28 10:00:00'),
(33,200,3, null,  'monthlypaymentdirectdebit', '2022-07-01', '10:00:00' ,'2022-06-28 10:00:00'),
(34,200,3, null,  'monthlypaymentdirectdebit', '2022-07-01', '10:00:00' ,'2022-06-28 10:00:00'),
(35,200,3, null,  'monthlypaymentdirectdebit', '2022-07-01', '10:00:00' ,'2022-06-28 10:00:00'),
(36,200,3, null,  'monthlypaymentdirectdebit', '2022-07-01', '10:00:00' ,'2022-06-28 10:00:00'),
(15,60,4,null,'sessionpaymentdirectdebit','2022-07-11','10:00:00','2022-07-08 10:00:00'),
(5,60,4,null,'sessionpaymentdirectdebit','2022-07-13','10:00:00','2022-07-10 10:00:00'),
(3,60,4,null,'sessionpaymentdirectdebit','2022-07-15','10:00:00','2022-07-12 10:00:00'),
(12,60,4,null,'sessionpaymentdirectdebit','2022-07-18','10:00:00','2022-07-15 10:00:00'),
(15,60,4,null,'sessionpaymentdirectdebit','2022-07-18','10:00:00','2022-07-15 10:00:00'),
(18,60,4,null,'sessionpaymentdirectdebit','2022-07-22','10:00:00','2022-07-19 10:00:00'),
( 17 ,232,1, null ,  'topupbalance' , '2022-07-24', '10:00:00' ,'2022-07-21 10:00:00'),
(14,60,4,null,'sessionpaymentdirectdebit','2022-07-25','10:00:00','2022-07-22 10:00:00'),
(13,60,4,null,'sessionpaymentdirectdebit','2022-07-26','10:00:00','2022-07-23 10:00:00'),
(12,60,4,null,'sessionpaymentdirectdebit','2022-07-28','10:00:00','2022-07-25 10:00:00'),
( 1 ,200,3, null ,  'monthlypaymentdirectdebit' , '2022-08-01', '10:00:00' ,'2022-07-29 10:00:00'),
( 3 ,200,3, null ,  'monthlypaymentdirectdebit' , '2022-08-01', '10:00:00' ,'2022-07-29 10:00:00'),
( 13 ,200,3, null ,  'monthlypaymentdirectdebit' , '2022-08-01', '10:00:00' ,'2022-07-29 10:00:00'),
( 14 ,200,3, null ,  'monthlypaymentdirectdebit' , '2022-08-01', '10:00:00' ,'2022-07-29 10:00:00'),
( 15 ,200,3, null ,  'monthlypaymentdirectdebit' , '2022-08-01', '10:00:00' ,'2022-07-29 10:00:00'),
( 16 ,200,3, null ,  'monthlypaymentdirectdebit' , '2022-08-01', '10:00:00' ,'2022-07-29 10:00:00'),
( 17 ,200,3, null ,  'monthlypaymentdirectdebit' , '2022-08-01', '10:00:00' ,'2022-07-29 10:00:00'),
(20,200,3, null,  'monthlypaymentdirectdebit', '2022-08-01', '10:00:00' ,'2022-07-29 10:00:00'),
(22,200,3, null,  'monthlypaymentdirectdebit', '2022-08-01', '10:00:00' ,'2022-07-29 10:00:00'),
(23,200,3, null,  'monthlypaymentdirectdebit', '2022-08-01', '10:00:00' ,'2022-07-29 10:00:00'),
(24,200,3, null,  'monthlypaymentdirectdebit', '2022-08-01', '10:00:00' ,'2022-07-29 10:00:00'),
(25,200,3, null,  'monthlypaymentdirectdebit', '2022-08-01', '10:00:00' ,'2022-07-29 10:00:00'),
(26,200,3, null,  'monthlypaymentdirectdebit', '2022-08-01', '10:00:00' ,'2022-07-29 10:00:00'),
(27,200,3, null,  'monthlypaymentdirectdebit', '2022-08-01', '10:00:00' ,'2022-07-29 10:00:00'),
(28,200,3, null,  'monthlypaymentdirectdebit', '2022-08-01', '10:00:00' ,'2022-07-29 10:00:00'),
(29,200,3, null,  'monthlypaymentdirectdebit', '2022-08-01', '10:00:00' ,'2022-07-29 10:00:00'),
(30,200,3, null,  'monthlypaymentdirectdebit', '2022-08-01', '10:00:00' ,'2022-07-29 10:00:00'),
(31,200,3, null,  'monthlypaymentdirectdebit', '2022-08-01', '10:00:00' ,'2022-07-29 10:00:00'),
(32,200,3, null,  'monthlypaymentdirectdebit', '2022-08-01', '10:00:00' ,'2022-07-29 10:00:00'),
(33,200,3, null,  'monthlypaymentdirectdebit', '2022-08-01', '10:00:00' ,'2022-07-29 10:00:00'),
(34,200,3, null,  'monthlypaymentdirectdebit', '2022-08-01', '10:00:00' ,'2022-07-29 10:00:00'),
(35,200,3, null,  'monthlypaymentdirectdebit', '2022-08-01', '10:00:00' ,'2022-07-29 10:00:00'),
(36,200,3, null,  'monthlypaymentdirectdebit', '2022-08-01', '10:00:00' ,'2022-07-29 10:00:00'),
(18,60,4,null,'sessionpaymentdirectdebit','2022-08-11','10:00:00','2022-08-08 10:00:00'),
(15,60,4,null,'sessionpaymentdirectdebit','2022-08-11','10:00:00','2022-08-08 10:00:00'),
(5,60,4,null,'sessionpaymentdirectdebit','2022-08-11','10:00:00','2022-08-08 10:00:00'),
(11,60,4,null,'sessionpaymentdirectdebit','2022-08-12','10:00:00','2022-08-09 10:00:00'),
(7,60,4,null,'sessionpaymentdirectdebit','2022-08-13','10:00:00','2022-08-10 10:00:00'),
(15,60,4,null,'sessionpaymentdirectdebit','2022-08-14','10:00:00','2022-08-11 10:00:00'),
(12,60,4,null,'sessionpaymentdirectdebit','2022-08-16','10:00:00','2022-08-13 10:00:00'),
(16,60,4,null,'sessionpaymentdirectdebit','2022-08-18','10:00:00','2022-08-15 10:00:00'),
(15,60,4,null,'sessionpaymentdirectdebit','2022-08-18','10:00:00','2022-08-15 10:00:00'),
(14,60,4,null,'sessionpaymentdirectdebit','2022-08-20','10:00:00','2022-08-17 10:00:00'),
( 18 ,252,1, null ,  'topupbalance' , '2022-08-23', '10:00:00' ,'2022-08-20 10:00:00'),
(12,60,4,null,'sessionpaymentdirectdebit','2022-08-23','10:00:00','2022-08-20 10:00:00'),
(7,60,4,null,'sessionpaymentdirectdebit','2022-08-23','10:00:00','2022-08-20 10:00:00'),
(16,60,4,null,'sessionpaymentdirectdebit','2022-08-24','10:00:00','2022-08-21 10:00:00'),
(4,60,4,null,'sessionpaymentdirectdebit','2022-08-25','10:00:00','2022-08-22 10:00:00'),
(11,60,4,null,'sessionpaymentdirectdebit','2022-08-25','10:00:00','2022-08-22 10:00:00'),
(8,60,4,null,'sessionpaymentdirectdebit','2022-08-28','10:00:00','2022-08-25 10:00:00'),
( 1 ,200,3, null ,  'monthlypaymentdirectdebit' , '2022-09-01', '10:00:00' ,'2022-08-29 10:00:00'),
( 2 ,200,3, null ,  'monthlypaymentdirectdebit' , '2022-09-01', '10:00:00' ,'2022-08-29 10:00:00'),
( 3 ,200,3, null ,  'monthlypaymentdirectdebit' , '2022-09-01', '10:00:00' ,'2022-08-29 10:00:00'),
( 13 ,200,3, null ,  'monthlypaymentdirectdebit' , '2022-09-01', '10:00:00' ,'2022-08-29 10:00:00'),
( 14 ,200,3, null ,  'monthlypaymentdirectdebit' , '2022-09-01', '10:00:00' ,'2022-08-29 10:00:00'),
( 15 ,200,3, null ,  'monthlypaymentdirectdebit' , '2022-09-01', '10:00:00' ,'2022-08-29 10:00:00'),
( 16 ,200,3, null ,  'monthlypaymentdirectdebit' , '2022-09-01', '10:00:00' ,'2022-08-29 10:00:00'),
( 17 ,200,3, null ,  'monthlypaymentdirectdebit' , '2022-09-01', '10:00:00' ,'2022-08-29 10:00:00'),
( 18 ,200,3, null ,  'monthlypaymentdirectdebit' , '2022-09-01', '10:00:00' ,'2022-08-29 10:00:00'),
(20,200,3, null,  'monthlypaymentdirectdebit', '2022-09-01', '10:00:00' ,'2022-08-29 10:00:00'),
(22,200,3, null,  'monthlypaymentdirectdebit', '2022-09-01', '10:00:00' ,'2022-08-29 10:00:00'),
(23,200,3, null,  'monthlypaymentdirectdebit', '2022-09-01', '10:00:00' ,'2022-08-29 10:00:00'),
(24,200,3, null,  'monthlypaymentdirectdebit', '2022-09-01', '10:00:00' ,'2022-08-29 10:00:00'),
(25,200,3, null,  'monthlypaymentdirectdebit', '2022-09-01', '10:00:00' ,'2022-08-29 10:00:00'),
(26,200,3, null,  'monthlypaymentdirectdebit', '2022-09-01', '10:00:00' ,'2022-08-29 10:00:00'),
(27,200,3, null,  'monthlypaymentdirectdebit', '2022-09-01', '10:00:00' ,'2022-08-29 10:00:00'),
(28,200,3, null,  'monthlypaymentdirectdebit', '2022-09-01', '10:00:00' ,'2022-08-29 10:00:00'),
(29,200,3, null,  'monthlypaymentdirectdebit', '2022-09-01', '10:00:00' ,'2022-08-29 10:00:00'),
(30,200,3, null,  'monthlypaymentdirectdebit', '2022-09-01', '10:00:00' ,'2022-08-29 10:00:00'),
(31,200,3, null,  'monthlypaymentdirectdebit', '2022-09-01', '10:00:00' ,'2022-08-29 10:00:00'),
(32,200,3, null,  'monthlypaymentdirectdebit', '2022-09-01', '10:00:00' ,'2022-08-29 10:00:00'),
(33,200,3, null,  'monthlypaymentdirectdebit', '2022-09-01', '10:00:00' ,'2022-08-29 10:00:00'),
(34,200,3, null,  'monthlypaymentdirectdebit', '2022-09-01', '10:00:00' ,'2022-08-29 10:00:00'),
(35,200,3, null,  'monthlypaymentdirectdebit', '2022-09-01', '10:00:00' ,'2022-08-29 10:00:00'),
(36,200,3, null,  'monthlypaymentdirectdebit', '2022-09-01', '10:00:00' ,'2022-08-29 10:00:00'),
(8,60,4,null,'sessionpaymentdirectdebit','2022-09-11','10:00:00','2022-09-08 10:00:00'),
(15,60,4,null,'sessionpaymentdirectdebit','2022-09-13','10:00:00','2022-09-10 10:00:00'),
(10,60,4,null,'sessionpaymentdirectdebit','2022-09-13','10:00:00','2022-09-10 10:00:00'),
(2,60,4,null,'sessionpaymentdirectdebit','2022-09-14','10:00:00','2022-09-11 10:00:00'),
(10,60,4,null,'sessionpaymentdirectdebit','2022-09-15','10:00:00','2022-09-12 10:00:00'),
(3,60,4,null,'sessionpaymentdirectdebit','2022-09-17','10:00:00','2022-09-14 10:00:00'),
(6,60,4,null,'sessionpaymentdirectdebit','2022-09-19','10:00:00','2022-09-16 10:00:00'),
(18,60,4,null,'sessionpaymentdirectdebit','2022-09-19','10:00:00','2022-09-16 10:00:00'),
(1,60,4,null,'sessionpaymentdirectdebit','2022-09-19','10:00:00','2022-09-16 10:00:00'),
(12,60,4,null,'sessionpaymentdirectdebit','2022-09-21','10:00:00','2022-09-18 10:00:00'),
(3,60,4,null,'sessionpaymentdirectdebit','2022-09-22','10:00:00','2022-09-19 10:00:00'),
(6,60,4,null,'sessionpaymentdirectdebit','2022-09-24','10:00:00','2022-09-21 10:00:00'),
(14,60,4,null,'sessionpaymentdirectdebit','2022-09-26','10:00:00','2022-09-23 10:00:00'),
( 4 ,100,1, null ,  'topupbalance' , '2022-09-27', '10:00:00' ,'2022-09-24 10:00:00'),
(16,60,4,null,'sessionpaymentdirectdebit','2022-09-27','10:00:00','2022-09-24 10:00:00'),
(6,60,4,null,'sessionpaymentdirectdebit','2022-09-28','10:00:00','2022-09-25 10:00:00'),
( 1 ,200,3, null ,  'monthlypaymentdirectdebit' , '2022-10-01', '10:00:00' ,'2022-09-28 10:00:00'),
( 2 ,200,3, null ,  'monthlypaymentdirectdebit' , '2022-10-01', '10:00:00' ,'2022-09-28 10:00:00'),
( 3 ,200,3, null ,  'monthlypaymentdirectdebit' , '2022-10-01', '10:00:00' ,'2022-09-28 10:00:00'),
( 4 ,200,3, null ,  'monthlypaymentdirectdebit' , '2022-10-01', '10:00:00' ,'2022-09-28 10:00:00'),
( 13 ,200,3, null ,  'monthlypaymentdirectdebit' , '2022-10-01', '10:00:00' ,'2022-09-28 10:00:00'),
( 14 ,200,3, null ,  'monthlypaymentdirectdebit' , '2022-10-01', '10:00:00' ,'2022-09-28 10:00:00'),
( 15 ,200,3, null ,  'monthlypaymentdirectdebit' , '2022-10-01', '10:00:00' ,'2022-09-28 10:00:00'),
( 16 ,200,3, null ,  'monthlypaymentdirectdebit' , '2022-10-01', '10:00:00' ,'2022-09-28 10:00:00'),
( 17 ,200,3, null ,  'monthlypaymentdirectdebit' , '2022-10-01', '10:00:00' ,'2022-09-28 10:00:00'),
( 18 ,200,3, null ,  'monthlypaymentdirectdebit' , '2022-10-01', '10:00:00' ,'2022-09-28 10:00:00'),
(22,200,3, null,  'monthlypaymentdirectdebit', '2022-10-01', '10:00:00' ,'2022-09-28 10:00:00'),
(23,200,3, null,  'monthlypaymentdirectdebit', '2022-10-01', '10:00:00' ,'2022-09-28 10:00:00'),
(24,200,3, null,  'monthlypaymentdirectdebit', '2022-10-01', '10:00:00' ,'2022-09-28 10:00:00'),
(25,200,3, null,  'monthlypaymentdirectdebit', '2022-10-01', '10:00:00' ,'2022-09-28 10:00:00'),
(26,200,3, null,  'monthlypaymentdirectdebit', '2022-10-01', '10:00:00' ,'2022-09-28 10:00:00'),
(27,200,3, null,  'monthlypaymentdirectdebit', '2022-10-01', '10:00:00' ,'2022-09-28 10:00:00'),
(28,200,3, null,  'monthlypaymentdirectdebit', '2022-10-01', '10:00:00' ,'2022-09-28 10:00:00'),
(29,200,3, null,  'monthlypaymentdirectdebit', '2022-10-01', '10:00:00' ,'2022-09-28 10:00:00'),
(30,200,3, null,  'monthlypaymentdirectdebit', '2022-10-01', '10:00:00' ,'2022-09-28 10:00:00'),
(31,200,3, null,  'monthlypaymentdirectdebit', '2022-10-01', '10:00:00' ,'2022-09-28 10:00:00'),
(32,200,3, null,  'monthlypaymentdirectdebit', '2022-10-01', '10:00:00' ,'2022-09-28 10:00:00'),
(33,200,3, null,  'monthlypaymentdirectdebit', '2022-10-01', '10:00:00' ,'2022-09-28 10:00:00'),
(34,200,3, null,  'monthlypaymentdirectdebit', '2022-10-01', '10:00:00' ,'2022-09-28 10:00:00'),
(35,200,3, null,  'monthlypaymentdirectdebit', '2022-10-01', '10:00:00' ,'2022-09-28 10:00:00'),
(36,200,3, null,  'monthlypaymentdirectdebit', '2022-10-01', '10:00:00' ,'2022-09-28 10:00:00'),
(18,60,4,null,'sessionpaymentdirectdebit','2022-10-10','10:00:00','2022-10-07 10:00:00'),
(15,60,4,null,'sessionpaymentdirectdebit','2022-10-12','10:00:00','2022-10-09 10:00:00'),
(11,60,4,null,'sessionpaymentdirectdebit','2022-10-12','10:00:00','2022-10-09 10:00:00'),
(14,60,4,null,'sessionpaymentdirectdebit','2022-10-13','10:00:00','2022-10-10 10:00:00'),
(12,60,4,null,'sessionpaymentdirectdebit','2022-10-13','10:00:00','2022-10-10 10:00:00'),
(3,60,4,null,'sessionpaymentdirectdebit','2022-10-15','10:00:00','2022-10-12 10:00:00'),
(9,60,4,null,'sessionpaymentdirectdebit','2022-10-15','10:00:00','2022-10-12 10:00:00'),
(9,60,4,null,'sessionpaymentdirectdebit','2022-10-16','10:00:00','2022-10-13 10:00:00'),
(12,60,4,null,'sessionpaymentdirectdebit','2022-10-20','10:00:00','2022-10-17 10:00:00'),
( 7 ,292,1, null ,  'topupbalance' , '2022-10-22', '10:00:00' ,'2022-10-19 10:00:00'),
(8,60,4,null,'sessionpaymentdirectdebit','2022-10-22','10:00:00','2022-10-19 10:00:00'),
(11,60,4,null,'sessionpaymentdirectdebit','2022-10-23','10:00:00','2022-10-20 10:00:00'),
(7,60,4,null,'sessionpaymentdirectdebit','2022-10-23','10:00:00','2022-10-20 10:00:00'),
(15,60,4,null,'sessionpaymentdirectdebit','2022-10-25','10:00:00','2022-10-22 10:00:00'),
(13,60,4,null,'sessionpaymentdirectdebit','2022-10-25','10:00:00','2022-10-22 10:00:00'),
(8,60,4,null,'sessionpaymentdirectdebit','2022-10-25','10:00:00','2022-10-22 10:00:00'),
(14,60,4,null,'sessionpaymentdirectdebit','2022-10-25','10:00:00','2022-10-22 10:00:00'),
(18,60,4,null,'sessionpaymentdirectdebit','2022-10-28','10:00:00','2022-10-25 10:00:00'),
(17,60,4,null,'sessionpaymentdirectdebit','2022-10-28','10:00:00','2022-10-25 10:00:00'),
( 1 ,200,3, null ,  'monthlypaymentdirectdebit' , '2022-11-01', '10:00:00' ,'2022-10-29 10:00:00'),
( 2 ,200,3, null ,  'monthlypaymentdirectdebit' , '2022-11-01', '10:00:00' ,'2022-10-29 10:00:00'),
( 3 ,200,3, null ,  'monthlypaymentdirectdebit' , '2022-11-01', '10:00:00' ,'2022-10-29 10:00:00'),
( 4 ,200,3, null ,  'monthlypaymentdirectdebit' , '2022-11-01', '10:00:00' ,'2022-10-29 10:00:00'),
( 5 ,200,3, null ,  'monthlypaymentdirectdebit' , '2022-11-01', '10:00:00' ,'2022-10-29 10:00:00'),
( 7 ,200,3, null ,  'monthlypaymentdirectdebit' , '2022-11-01', '10:00:00' ,'2022-10-29 10:00:00'),
( 13 ,200,3, null ,  'monthlypaymentdirectdebit' , '2022-11-01', '10:00:00' ,'2022-10-29 10:00:00'),
( 14 ,200,3, null ,  'monthlypaymentdirectdebit' , '2022-11-01', '10:00:00' ,'2022-10-29 10:00:00'),
( 15 ,200,3, null ,  'monthlypaymentdirectdebit' , '2022-11-01', '10:00:00' ,'2022-10-29 10:00:00'),
( 16 ,200,3, null ,  'monthlypaymentdirectdebit' , '2022-11-01', '10:00:00' ,'2022-10-29 10:00:00'),
( 17 ,200,3, null ,  'monthlypaymentdirectdebit' , '2022-11-01', '10:00:00' ,'2022-10-29 10:00:00'),
( 18 ,200,3, null ,  'monthlypaymentdirectdebit' , '2022-11-01', '10:00:00' ,'2022-10-29 10:00:00'),
(23,200,3, null,  'monthlypaymentdirectdebit', '2022-11-01', '10:00:00' ,'2022-10-29 10:00:00'),
(24,200,3, null,  'monthlypaymentdirectdebit', '2022-11-01', '10:00:00' ,'2022-10-29 10:00:00'),
(25,200,3, null,  'monthlypaymentdirectdebit', '2022-11-01', '10:00:00' ,'2022-10-29 10:00:00'),
(26,200,3, null,  'monthlypaymentdirectdebit', '2022-11-01', '10:00:00' ,'2022-10-29 10:00:00'),
(27,200,3, null,  'monthlypaymentdirectdebit', '2022-11-01', '10:00:00' ,'2022-10-29 10:00:00'),
(28,200,3, null,  'monthlypaymentdirectdebit', '2022-11-01', '10:00:00' ,'2022-10-29 10:00:00'),
(29,200,3, null,  'monthlypaymentdirectdebit', '2022-11-01', '10:00:00' ,'2022-10-29 10:00:00'),
(30,200,3, null,  'monthlypaymentdirectdebit', '2022-11-01', '10:00:00' ,'2022-10-29 10:00:00'),
(31,200,3, null,  'monthlypaymentdirectdebit', '2022-11-01', '10:00:00' ,'2022-10-29 10:00:00'),
(32,200,3, null,  'monthlypaymentdirectdebit', '2022-11-01', '10:00:00' ,'2022-10-29 10:00:00'),
(33,200,3, null,  'monthlypaymentdirectdebit', '2022-11-01', '10:00:00' ,'2022-10-29 10:00:00'),
(34,200,3, null,  'monthlypaymentdirectdebit', '2022-11-01', '10:00:00' ,'2022-10-29 10:00:00'),
(35,200,3, null,  'monthlypaymentdirectdebit', '2022-11-01', '10:00:00' ,'2022-10-29 10:00:00'),
(36,200,3, null,  'monthlypaymentdirectdebit', '2022-11-01', '10:00:00' ,'2022-10-29 10:00:00'),
(11,60,4,null,'sessionpaymentdirectdebit','2022-11-10','10:00:00','2022-11-07 10:00:00'),
(9,60,4,null,'sessionpaymentdirectdebit','2022-11-12','10:00:00','2022-11-09 10:00:00'),
(18,60,4,null,'sessionpaymentdirectdebit','2022-11-14','10:00:00','2022-11-11 10:00:00'),
(10,60,4,null,'sessionpaymentdirectdebit','2022-11-15','10:00:00','2022-11-12 10:00:00'),
(11,60,4,null,'sessionpaymentdirectdebit','2022-11-16','10:00:00','2022-11-13 10:00:00'),
(3,60,4,null,'sessionpaymentdirectdebit','2022-11-16','10:00:00','2022-11-13 10:00:00'),
(13,60,4,null,'sessionpaymentdirectdebit','2022-11-17','10:00:00','2022-11-14 10:00:00'),
(18,60,4,null,'sessionpaymentdirectdebit','2022-11-17','10:00:00','2022-11-14 10:00:00'),
(4,60,4,null,'sessionpaymentdirectdebit','2022-11-19','10:00:00','2022-11-16 10:00:00'),
(4,60,4,null,'sessionpaymentdirectdebit','2022-11-19','10:00:00','2022-11-16 10:00:00'),
( 8 ,312,1, null ,  'topupbalance' , '2022-11-21', '10:00:00' ,'2022-11-18 10:00:00'),
(10,60,4,null,'sessionpaymentdirectdebit','2022-11-22','10:00:00','2022-11-19 10:00:00'),
(6,60,4,null,'sessionpaymentdirectdebit','2022-11-23','10:00:00','2022-11-20 10:00:00'),
(6,60,4,null,'sessionpaymentdirectdebit','2022-11-25','10:00:00','2022-11-22 10:00:00'),
(17,60,4,null,'sessionpaymentdirectdebit','2022-11-25','10:00:00','2022-11-22 10:00:00'),
(10,60,4,null,'sessionpaymentdirectdebit','2022-11-25','10:00:00','2022-11-22 10:00:00'),
( 6 ,60,1, null ,  'topupbalance' , '2022-11-26', '10:00:00' ,'2022-11-23 10:00:00'),
(10,60,4,null,'sessionpaymentdirectdebit','2022-11-28','10:00:00','2022-11-25 10:00:00'),
( 1 ,200,3, null ,  'monthlypaymentdirectdebit' , '2022-12-01', '10:00:00' ,'2022-11-28 10:00:00'),
( 2 ,200,3, null ,  'monthlypaymentdirectdebit' , '2022-12-01', '10:00:00' ,'2022-11-28 10:00:00'),
( 3 ,200,3, null ,  'monthlypaymentdirectdebit' , '2022-12-01', '10:00:00' ,'2022-11-28 10:00:00'),
( 4 ,200,3, null ,  'monthlypaymentdirectdebit' , '2022-12-01', '10:00:00' ,'2022-11-28 10:00:00'),
( 5 ,200,3, null ,  'monthlypaymentdirectdebit' , '2022-12-01', '10:00:00' ,'2022-11-28 10:00:00'),
( 6 ,200,3, null ,  'monthlypaymentdirectdebit' , '2022-12-01', '10:00:00' ,'2022-11-28 10:00:00'),
( 7 ,200,3, null ,  'monthlypaymentdirectdebit' , '2022-12-01', '10:00:00' ,'2022-11-28 10:00:00'),
( 8 ,200,3, null ,  'monthlypaymentdirectdebit' , '2022-12-01', '10:00:00' ,'2022-11-28 10:00:00'),
( 13 ,200,3, null ,  'monthlypaymentdirectdebit' , '2022-12-01', '10:00:00' ,'2022-11-28 10:00:00'),
( 14 ,200,3, null ,  'monthlypaymentdirectdebit' , '2022-12-01', '10:00:00' ,'2022-11-28 10:00:00'),
( 15 ,200,3, null ,  'monthlypaymentdirectdebit' , '2022-12-01', '10:00:00' ,'2022-11-28 10:00:00'),
( 16 ,200,3, null ,  'monthlypaymentdirectdebit' , '2022-12-01', '10:00:00' ,'2022-11-28 10:00:00'),
( 17 ,200,3, null ,  'monthlypaymentdirectdebit' , '2022-12-01', '10:00:00' ,'2022-11-28 10:00:00'),
( 18 ,200,3, null ,  'monthlypaymentdirectdebit' , '2022-12-01', '10:00:00' ,'2022-11-28 10:00:00'),
(24,200,3, null,  'monthlypaymentdirectdebit', '2022-12-01', '10:00:00' ,'2022-11-28 10:00:00'),
(25,200,3, null,  'monthlypaymentdirectdebit', '2022-12-01', '10:00:00' ,'2022-11-28 10:00:00'),
(26,200,3, null,  'monthlypaymentdirectdebit', '2022-12-01', '10:00:00' ,'2022-11-28 10:00:00'),
(27,200,3, null,  'monthlypaymentdirectdebit', '2022-12-01', '10:00:00' ,'2022-11-28 10:00:00'),
(28,200,3, null,  'monthlypaymentdirectdebit', '2022-12-01', '10:00:00' ,'2022-11-28 10:00:00'),
(29,200,3, null,  'monthlypaymentdirectdebit', '2022-12-01', '10:00:00' ,'2022-11-28 10:00:00'),
(30,200,3, null,  'monthlypaymentdirectdebit', '2022-12-01', '10:00:00' ,'2022-11-28 10:00:00'),
(31,200,3, null,  'monthlypaymentdirectdebit', '2022-12-01', '10:00:00' ,'2022-11-28 10:00:00'),
(32,200,3, null,  'monthlypaymentdirectdebit', '2022-12-01', '10:00:00' ,'2022-11-28 10:00:00'),
(33,200,3, null,  'monthlypaymentdirectdebit', '2022-12-01', '10:00:00' ,'2022-11-28 10:00:00'),
(34,200,3, null,  'monthlypaymentdirectdebit', '2022-12-01', '10:00:00' ,'2022-11-28 10:00:00'),
(35,200,3, null,  'monthlypaymentdirectdebit', '2022-12-01', '10:00:00' ,'2022-11-28 10:00:00'),
(36,200,3, null,  'monthlypaymentdirectdebit', '2022-12-01', '10:00:00' ,'2022-11-28 10:00:00'),
(13,60,4,null,'sessionpaymentdirectdebit','2022-12-10','10:00:00','2022-12-07 10:00:00'),
(14,60,4,null,'sessionpaymentdirectdebit','2022-12-10','10:00:00','2022-12-07 10:00:00'),
(17,60,4,null,'sessionpaymentdirectdebit','2022-12-13','10:00:00','2022-12-10 10:00:00'),
(1,60,4,null,'sessionpaymentdirectdebit','2022-12-13','10:00:00','2022-12-10 10:00:00'),
(13,60,4,null,'sessionpaymentdirectdebit','2022-12-14','10:00:00','2022-12-11 10:00:00'),
(18,60,4,null,'sessionpaymentdirectdebit','2022-12-14','10:00:00','2022-12-11 10:00:00'),
(5,60,4,null,'sessionpaymentdirectdebit','2022-12-17','10:00:00','2022-12-14 10:00:00'),
(7,60,4,null,'sessionpaymentdirectdebit','2022-12-18','10:00:00','2022-12-15 10:00:00'),
(5,60,4,null,'sessionpaymentdirectdebit','2022-12-19','10:00:00','2022-12-16 10:00:00'),
(3,60,4,null,'sessionpaymentdirectdebit','2022-12-19','10:00:00','2022-12-16 10:00:00'),
(12,60,4,null,'sessionpaymentdirectdebit','2022-12-19','10:00:00','2022-12-16 10:00:00'),
( 9 ,332,1, null ,  'topupbalance' , '2022-12-21', '10:00:00' ,'2022-12-18 10:00:00'),
(11,60,4,null,'sessionpaymentdirectdebit','2022-12-21','10:00:00','2022-12-18 10:00:00'),
(6,60,4,null,'sessionpaymentdirectdebit','2022-12-22','10:00:00','2022-12-19 10:00:00'),
(18,60,4,null,'sessionpaymentdirectdebit','2022-12-23','10:00:00','2022-12-20 10:00:00'),
(9,60,4,null,'sessionpaymentdirectdebit','2022-12-23','10:00:00','2022-12-20 10:00:00'),
( 1 ,200,3, null ,  'monthlypaymentdirectdebit' , '2023-01-01', '10:00:00' ,'2022-12-29 10:00:00'),
( 2 ,200,3, null ,  'monthlypaymentdirectdebit' , '2023-01-01', '10:00:00' ,'2022-12-29 10:00:00'),
( 3 ,200,3, null ,  'monthlypaymentdirectdebit' , '2023-01-01', '10:00:00' ,'2022-12-29 10:00:00'),
( 4 ,200,3, null ,  'monthlypaymentdirectdebit' , '2023-01-01', '10:00:00' ,'2022-12-29 10:00:00'),
( 5 ,200,3, null ,  'monthlypaymentdirectdebit' , '2023-01-01', '10:00:00' ,'2022-12-29 10:00:00'),
( 6 ,200,3, null ,  'monthlypaymentdirectdebit' , '2023-01-01', '10:00:00' ,'2022-12-29 10:00:00'),
( 7 ,200,3, null ,  'monthlypaymentdirectdebit' , '2023-01-01', '10:00:00' ,'2022-12-29 10:00:00'),
( 8 ,200,3, null ,  'monthlypaymentdirectdebit' , '2023-01-01', '10:00:00' ,'2022-12-29 10:00:00'),
( 9 ,200,3, null ,  'monthlypaymentdirectdebit' , '2023-01-01', '10:00:00' ,'2022-12-29 10:00:00'),
( 10 ,200,3, null ,  'monthlypaymentdirectdebit' , '2023-01-01', '10:00:00' ,'2022-12-29 10:00:00'),
( 13 ,200,3, null ,  'monthlypaymentdirectdebit' , '2023-01-01', '10:00:00' ,'2022-12-29 10:00:00'),
( 14 ,200,3, null ,  'monthlypaymentdirectdebit' , '2023-01-01', '10:00:00' ,'2022-12-29 10:00:00'),
( 15 ,200,3, null ,  'monthlypaymentdirectdebit' , '2023-01-01', '10:00:00' ,'2022-12-29 10:00:00'),
( 16 ,200,3, null ,  'monthlypaymentdirectdebit' , '2023-01-01', '10:00:00' ,'2022-12-29 10:00:00'),
( 17 ,200,3, null ,  'monthlypaymentdirectdebit' , '2023-01-01', '10:00:00' ,'2022-12-29 10:00:00'),
( 18 ,200,3, null ,  'monthlypaymentdirectdebit' , '2023-01-01', '10:00:00' ,'2022-12-29 10:00:00'),
(25,200,3, null,  'monthlypaymentdirectdebit', '2023-01-01', '10:00:00' ,'2022-12-29 10:00:00'),
(26,200,3, null,  'monthlypaymentdirectdebit', '2023-01-01', '10:00:00' ,'2022-12-29 10:00:00'),
(27,200,3, null,  'monthlypaymentdirectdebit', '2023-01-01', '10:00:00' ,'2022-12-29 10:00:00'),
(28,200,3, null,  'monthlypaymentdirectdebit', '2023-01-01', '10:00:00' ,'2022-12-29 10:00:00'),
(29,200,3, null,  'monthlypaymentdirectdebit', '2023-01-01', '10:00:00' ,'2022-12-29 10:00:00'),
(30,200,3, null,  'monthlypaymentdirectdebit', '2023-01-01', '10:00:00' ,'2022-12-29 10:00:00'),
(31,200,3, null,  'monthlypaymentdirectdebit', '2023-01-01', '10:00:00' ,'2022-12-29 10:00:00'),
(32,200,3, null,  'monthlypaymentdirectdebit', '2023-01-01', '10:00:00' ,'2022-12-29 10:00:00'),
(33,200,3, null,  'monthlypaymentdirectdebit', '2023-01-01', '10:00:00' ,'2022-12-29 10:00:00'),
(34,200,3, null,  'monthlypaymentdirectdebit', '2023-01-01', '10:00:00' ,'2022-12-29 10:00:00'),
(35,200,3, null,  'monthlypaymentdirectdebit', '2023-01-01', '10:00:00' ,'2022-12-29 10:00:00'),
(36,200,3, null,  'monthlypaymentdirectdebit', '2023-01-01', '10:00:00' ,'2022-12-29 10:00:00'),
( 11 ,200,1, null ,  'topupbalance' , '2023-01-25', '10:00:00' ,'2023-01-22 10:00:00'),
( 1 ,200,3, null ,  'monthlypaymentdirectdebit' , '2023-02-01', '10:00:00' ,'2023-01-29 10:00:00'),
( 2 ,200,3, null ,  'monthlypaymentdirectdebit' , '2023-02-01', '10:00:00' ,'2023-01-29 10:00:00'),
( 3 ,200,3, null ,  'monthlypaymentdirectdebit' , '2023-02-01', '10:00:00' ,'2023-01-29 10:00:00'),
( 4 ,200,3, null ,  'monthlypaymentdirectdebit' , '2023-02-01', '10:00:00' ,'2023-01-29 10:00:00'),
( 5 ,200,3, null ,  'monthlypaymentdirectdebit' , '2023-02-01', '10:00:00' ,'2023-01-29 10:00:00'),
( 6 ,200,3, null ,  'monthlypaymentdirectdebit' , '2023-02-01', '10:00:00' ,'2023-01-29 10:00:00'),
( 7 ,200,3, null ,  'monthlypaymentdirectdebit' , '2023-02-01', '10:00:00' ,'2023-01-29 10:00:00'),
( 8 ,200,3, null ,  'monthlypaymentdirectdebit' , '2023-02-01', '10:00:00' ,'2023-01-29 10:00:00'),
( 9 ,200,3, null ,  'monthlypaymentdirectdebit' , '2023-02-01', '10:00:00' ,'2023-01-29 10:00:00'),
( 10 ,200,3, null ,  'monthlypaymentdirectdebit' , '2023-02-01', '10:00:00' ,'2023-01-29 10:00:00'),
( 11 ,200,3, null ,  'monthlypaymentdirectdebit' , '2023-02-01', '10:00:00' ,'2023-01-29 10:00:00'),
( 13 ,200,3, null ,  'monthlypaymentdirectdebit' , '2023-02-01', '10:00:00' ,'2023-01-29 10:00:00'),
( 14 ,200,3, null ,  'monthlypaymentdirectdebit' , '2023-02-01', '10:00:00' ,'2023-01-29 10:00:00'),
( 15 ,200,3, null ,  'monthlypaymentdirectdebit' , '2023-02-01', '10:00:00' ,'2023-01-29 10:00:00'),
( 16 ,200,3, null ,  'monthlypaymentdirectdebit' , '2023-02-01', '10:00:00' ,'2023-01-29 10:00:00'),
( 17 ,200,3, null ,  'monthlypaymentdirectdebit' , '2023-02-01', '10:00:00' ,'2023-01-29 10:00:00'),
( 18 ,200,3, null ,  'monthlypaymentdirectdebit' , '2023-02-01', '10:00:00' ,'2023-01-29 10:00:00'),
(25,200,3, null,  'monthlypaymentdirectdebit', '2023-02-01', '10:00:00' ,'2023-01-29 10:00:00'),
(26,200,3, null,  'monthlypaymentdirectdebit', '2023-02-01', '10:00:00' ,'2023-01-29 10:00:00'),
(27,200,3, null,  'monthlypaymentdirectdebit', '2023-02-01', '10:00:00' ,'2023-01-29 10:00:00'),
(29,200,3, null,  'monthlypaymentdirectdebit', '2023-02-01', '10:00:00' ,'2023-01-29 10:00:00'),
(30,200,3, null,  'monthlypaymentdirectdebit', '2023-02-01', '10:00:00' ,'2023-01-29 10:00:00'),
(31,200,3, null,  'monthlypaymentdirectdebit', '2023-02-01', '10:00:00' ,'2023-01-29 10:00:00'),
(32,200,3, null,  'monthlypaymentdirectdebit', '2023-02-01', '10:00:00' ,'2023-01-29 10:00:00'),
(33,200,3, null,  'monthlypaymentdirectdebit', '2023-02-01', '10:00:00' ,'2023-01-29 10:00:00'),
(34,200,3, null,  'monthlypaymentdirectdebit', '2023-02-01', '10:00:00' ,'2023-01-29 10:00:00'),
(35,200,3, null,  'monthlypaymentdirectdebit', '2023-02-01', '10:00:00' ,'2023-01-29 10:00:00'),
(36,200,3, null,  'monthlypaymentdirectdebit', '2023-02-01', '10:00:00' ,'2023-01-29 10:00:00'),
( 12 ,132,1, null ,  'topupbalance' , '2023-02-24', '10:00:00' ,'2023-02-21 10:00:00'),
( 1 ,200,3, null ,  'monthlypaymentdirectdebit' , '2023-03-01', '10:00:00' ,'2023-02-26 10:00:00'),
( 2 ,200,3, null ,  'monthlypaymentdirectdebit' , '2023-03-01', '10:00:00' ,'2023-02-26 10:00:00'),
( 3 ,200,3, null ,  'monthlypaymentdirectdebit' , '2023-03-01', '10:00:00' ,'2023-02-26 10:00:00'),
( 4 ,200,3, null ,  'monthlypaymentdirectdebit' , '2023-03-01', '10:00:00' ,'2023-02-26 10:00:00'),
( 5 ,200,3, null ,  'monthlypaymentdirectdebit' , '2023-03-01', '10:00:00' ,'2023-02-26 10:00:00'),
( 6 ,200,3, null ,  'monthlypaymentdirectdebit' , '2023-03-01', '10:00:00' ,'2023-02-26 10:00:00'),
( 7 ,200,3, null ,  'monthlypaymentdirectdebit' , '2023-03-01', '10:00:00' ,'2023-02-26 10:00:00'),
( 8 ,200,3, null ,  'monthlypaymentdirectdebit' , '2023-03-01', '10:00:00' ,'2023-02-26 10:00:00'),
( 9 ,200,3, null ,  'monthlypaymentdirectdebit' , '2023-03-01', '10:00:00' ,'2023-02-26 10:00:00'),
( 10 ,200,3, null ,  'monthlypaymentdirectdebit' , '2023-03-01', '10:00:00' ,'2023-02-26 10:00:00'),
( 11 ,200,3, null ,  'monthlypaymentdirectdebit' , '2023-03-01', '10:00:00' ,'2023-02-26 10:00:00'),
( 12 ,200,3, null ,  'monthlypaymentdirectdebit' , '2023-03-01', '10:00:00' ,'2023-02-26 10:00:00'),
( 13 ,200,3, null ,  'monthlypaymentdirectdebit' , '2023-03-01', '10:00:00' ,'2023-02-26 10:00:00'),
( 14 ,200,3, null ,  'monthlypaymentdirectdebit' , '2023-03-01', '10:00:00' ,'2023-02-26 10:00:00'),
( 15 ,200,3, null ,  'monthlypaymentdirectdebit' , '2023-03-01', '10:00:00' ,'2023-02-26 10:00:00'),
( 16 ,200,3, null ,  'monthlypaymentdirectdebit' , '2023-03-01', '10:00:00' ,'2023-02-26 10:00:00'),
( 17 ,200,3, null ,  'monthlypaymentdirectdebit' , '2023-03-01', '10:00:00' ,'2023-02-26 10:00:00'),
( 18 ,200,3, null ,  'monthlypaymentdirectdebit' , '2023-03-01', '10:00:00' ,'2023-02-26 10:00:00'),
(25,200,3, null,  'monthlypaymentdirectdebit', '2023-03-01', '10:00:00' ,'2023-02-26 10:00:00'),
(26,200,3, null,  'monthlypaymentdirectdebit', '2023-03-01', '10:00:00' ,'2023-02-26 10:00:00'),
(27,200,3, null,  'monthlypaymentdirectdebit', '2023-03-01', '10:00:00' ,'2023-02-26 10:00:00'),
(29,200,3, null,  'monthlypaymentdirectdebit', '2023-03-01', '10:00:00' ,'2023-02-26 10:00:00'),
(30,200,3, null,  'monthlypaymentdirectdebit', '2023-03-01', '10:00:00' ,'2023-02-26 10:00:00'),
(31,200,3, null,  'monthlypaymentdirectdebit', '2023-03-01', '10:00:00' ,'2023-02-26 10:00:00'),
(32,200,3, null,  'monthlypaymentdirectdebit', '2023-03-01', '10:00:00' ,'2023-02-26 10:00:00'),
(33,200,3, null,  'monthlypaymentdirectdebit', '2023-03-01', '10:00:00' ,'2023-02-26 10:00:00'),
(34,200,3, null,  'monthlypaymentdirectdebit', '2023-03-01', '10:00:00' ,'2023-02-26 10:00:00'),
(35,200,3, null,  'monthlypaymentdirectdebit', '2023-03-01', '10:00:00' ,'2023-02-26 10:00:00'),
(36,200,3, null,  'monthlypaymentdirectdebit', '2023-03-01', '10:00:00' ,'2023-02-26 10:00:00'),
(17,60,4,43,'sessionpaymentdirectdebit','2023-04-03','11:00:00','2023-03-01 10:00:00'),
(24,60,4,44,'sessionpaymentdirectdebit','2023-04-03','14:00:00','2023-03-01 10:00:00'),
(12,60,4,46,'sessionpaymentdirectdebit','2023-04-04','15:00:00','2023-03-02 10:00:00'),
(14,60,4,37,'sessionpaymentdirectdebit','2023-04-05','06:00:00','2023-03-03 10:00:00'),
(28,60,4,47,'sessionpaymentdirectdebit','2023-04-05','14:00:00','2023-03-03 10:00:00'),
(22,60,4,48,'sessionpaymentdirectdebit','2023-04-06','06:00:00','2023-03-04 10:00:00'),
(35,60,4,49,'sessionpaymentdirectdebit','2023-04-06','07:00:00','2023-03-04 10:00:00'),
(26,60,4,38,'sessionpaymentdirectdebit','2023-04-07','07:00:00','2023-03-05 10:00:00'),
(33,60,4,51,'sessionpaymentdirectdebit','2023-04-07','06:00:00','2023-03-05 10:00:00'),
(31,60,4,52,'sessionpaymentdirectdebit','2023-04-07','10:00:00','2023-03-05 10:00:00'),
(14,60,4,53,'sessionpaymentdirectdebit','2023-04-10','11:00:00','2023-03-08 10:00:00'),
(29,60,4,54,'sessionpaymentdirectdebit','2023-04-10','14:00:00','2023-03-08 10:00:00'),
(13,60,4,55,'sessionpaymentdirectdebit','2023-04-11','07:00:00','2023-03-09 10:00:00'),
(16,60,4,56,'sessionpaymentdirectdebit','2023-04-11','15:00:00','2023-03-09 10:00:00'),
(22,60,4,39,'sessionpaymentdirectdebit','2023-04-12','06:00:00','2023-03-10 10:00:00'),
(32,60,4,57,'sessionpaymentdirectdebit','2023-04-12','07:00:00','2023-03-10 10:00:00'),
(34,60,4,58,'sessionpaymentdirectdebit','2023-04-12','14:00:00','2023-03-10 10:00:00'),
(30,60,4,5,'sessionpaymentdirectdebit','2023-03-13','14:00:00','2023-03-10 10:00:00'),
(29,60,4,59,'sessionpaymentdirectdebit','2023-04-13','06:00:00','2023-03-11 10:00:00'),
(14,60,4,60,'sessionpaymentdirectdebit','2023-04-13','07:00:00','2023-03-11 10:00:00'),
(15,60,4,6,'sessionpaymentdirectdebit','2023-03-14','15:00:00','2023-03-11 10:00:00'),
(35,60,4,40,'sessionpaymentdirectdebit','2023-04-14','07:00:00','2023-03-12 10:00:00'),
(31,60,4,61,'sessionpaymentdirectdebit','2023-04-14','06:00:00','2023-03-12 10:00:00'),
(13,60,4,62,'sessionpaymentdirectdebit','2023-04-14','10:00:00','2023-03-12 10:00:00'),
(1,60,4,1,'sessionpaymentdirectdebit','2023-03-15','06:00:00','2023-03-12 10:00:00'),
(32,60,4,7,'sessionpaymentdirectdebit','2023-03-15','14:00:00','2023-03-12 10:00:00'),
(8,60,4,8,'sessionpaymentdirectdebit','2023-03-16','06:00:00','2023-03-13 10:00:00'),
(23,60,4,9,'sessionpaymentdirectdebit','2023-03-16','07:00:00','2023-03-13 10:00:00'),
(8,60,4,10,'sessionpaymentdirectdebit','2023-03-16','14:00:00','2023-03-13 10:00:00'),
(2,60,4,2,'sessionpaymentdirectdebit','2023-03-17','07:00:00','2023-03-14 10:00:00'),
(14,60,4,11,'sessionpaymentdirectdebit','2023-03-17','06:00:00','2023-03-14 10:00:00'),
(3,60,4,12,'sessionpaymentdirectdebit','2023-03-17','10:00:00','2023-03-14 10:00:00'),
(7,60,4,13,'sessionpaymentdirectdebit','2023-03-17','15:00:00','2023-03-14 10:00:00'),
(3,60,4,63,'sessionpaymentdirectdebit','2023-04-17','11:00:00','2023-03-15 10:00:00'),
(9,60,4,64,'sessionpaymentdirectdebit','2023-04-17','14:00:00','2023-03-15 10:00:00'),
(12,60,4,65,'sessionpaymentdirectdebit','2023-04-18','07:00:00','2023-03-16 10:00:00'),
(3,60,4,66,'sessionpaymentdirectdebit','2023-04-18','15:00:00','2023-03-16 10:00:00'),
(30,60,4,41,'sessionpaymentdirectdebit','2023-04-19','06:00:00','2023-03-17 10:00:00'),
(21,60,4,67,'sessionpaymentdirectdebit','2023-04-19','07:00:00','2023-03-17 10:00:00'),
(33,60,4,68,'sessionpaymentdirectdebit','2023-04-19','14:00:00','2023-03-17 10:00:00'),
(7,60,4,14,'sessionpaymentdirectdebit','2023-03-20','11:00:00','2023-03-17 10:00:00'),
(19,60,4,15,'sessionpaymentdirectdebit','2023-03-20','14:00:00','2023-03-17 10:00:00'),
(18,60,4,69,'sessionpaymentdirectdebit','2023-04-20','06:00:00','2023-03-18 10:00:00'),
(14,60,4,70,'sessionpaymentdirectdebit','2023-04-20','07:00:00','2023-03-18 10:00:00'),
(32,60,4,16,'sessionpaymentdirectdebit','2023-03-21','07:00:00','2023-03-18 10:00:00'),
(20,60,4,17,'sessionpaymentdirectdebit','2023-03-21','15:00:00','2023-03-18 10:00:00'),
(13,60,4,42,'sessionpaymentdirectdebit','2023-04-21','07:00:00','2023-03-19 10:00:00'),
(23,60,4,71,'sessionpaymentdirectdebit','2023-04-21','15:00:00','2023-03-19 10:00:00'),
(33,60,4,18,'sessionpaymentdirectdebit','2023-03-22','07:00:00','2023-03-19 10:00:00'),
(9,60,4,19,'sessionpaymentdirectdebit','2023-03-22','14:00:00','2023-03-19 10:00:00'),
(2,60,4,20,'sessionpaymentdirectdebit','2023-03-23','06:00:00','2023-03-20 10:00:00'),
(15,60,4,21,'sessionpaymentdirectdebit','2023-03-23','07:00:00','2023-03-20 10:00:00'),
(22,60,4,22,'sessionpaymentdirectdebit','2023-03-23','14:00:00','2023-03-20 10:00:00'),
(9,60,4,3,'sessionpaymentdirectdebit','2023-03-24','07:00:00','2023-03-21 10:00:00'),
(33,60,4,23,'sessionpaymentdirectdebit','2023-03-24','06:00:00','2023-03-21 10:00:00'),
(33,60,4,24,'sessionpaymentdirectdebit','2023-03-24','10:00:00','2023-03-21 10:00:00'),
(21,60,4,25,'sessionpaymentdirectdebit','2023-03-24','15:00:00','2023-03-21 10:00:00'),
(26,60,4,26,'sessionpaymentdirectdebit','2023-03-27','11:00:00','2023-03-24 10:00:00'),
(5,60,4,27,'sessionpaymentdirectdebit','2023-03-27','14:00:00','2023-03-24 10:00:00'),
(22,60,4,28,'sessionpaymentdirectdebit','2023-03-28','07:00:00','2023-03-25 10:00:00'),
(3,60,4,29,'sessionpaymentdirectdebit','2023-03-29','07:00:00','2023-03-26 10:00:00'),
(36,60,4,30,'sessionpaymentdirectdebit','2023-03-29','14:00:00','2023-03-26 10:00:00'),
(14,60,4,31,'sessionpaymentdirectdebit','2023-03-30','06:00:00','2023-03-27 10:00:00'),
(23,60,4,32,'sessionpaymentdirectdebit','2023-03-30','07:00:00','2023-03-27 10:00:00'),
(30,60,4,33,'sessionpaymentdirectdebit','2023-03-30','14:00:00','2023-03-27 10:00:00'),
(21,60,4,4,'sessionpaymentdirectdebit','2023-03-31','07:00:00','2023-03-28 10:00:00'),
(20,60,4,34,'sessionpaymentdirectdebit','2023-03-31','06:00:00','2023-03-28 10:00:00'),
(30,60,4,35,'sessionpaymentdirectdebit','2023-03-31','10:00:00','2023-03-28 10:00:00'),
(3,60,4,36,'sessionpaymentdirectdebit','2023-03-31','15:00:00','2023-03-28 10:00:00')
;


-- 13. datetable seed data
INSERT INTO datetable (id, year, quarter, month, date) VALUES
(1,'2022','Q1',1,'2022-01-01'),
(2,'2022','Q1',1,'2022-01-02'),
(3,'2022','Q1',1,'2022-01-03'),
(4,'2022','Q1',1,'2022-01-04'),
(5,'2022','Q1',1,'2022-01-05'),
(6,'2022','Q1',1,'2022-01-06'),
(7,'2022','Q1',1,'2022-01-07'),
(8,'2022','Q1',1,'2022-01-08'),
(9,'2022','Q1',1,'2022-01-09'),
(10,'2022','Q1',1,'2022-01-10'),
(11,'2022','Q1',1,'2022-01-11'),
(12,'2022','Q1',1,'2022-01-12'),
(13,'2022','Q1',1,'2022-01-13'),
(14,'2022','Q1',1,'2022-01-14'),
(15,'2022','Q1',1,'2022-01-15'),
(16,'2022','Q1',1,'2022-01-16'),
(17,'2022','Q1',1,'2022-01-17'),
(18,'2022','Q1',1,'2022-01-18'),
(19,'2022','Q1',1,'2022-01-19'),
(20,'2022','Q1',1,'2022-01-20'),
(21,'2022','Q1',1,'2022-01-21'),
(22,'2022','Q1',1,'2022-01-22'),
(23,'2022','Q1',1,'2022-01-23'),
(24,'2022','Q1',1,'2022-01-24'),
(25,'2022','Q1',1,'2022-01-25'),
(26,'2022','Q1',1,'2022-01-26'),
(27,'2022','Q1',1,'2022-01-27'),
(28,'2022','Q1',1,'2022-01-28'),
(29,'2022','Q1',1,'2022-01-29'),
(30,'2022','Q1',1,'2022-01-30'),
(31,'2022','Q1',1,'2022-01-31'),
(32,'2022','Q1',2,'2022-02-01'),
(33,'2022','Q1',2,'2022-02-02'),
(34,'2022','Q1',2,'2022-02-03'),
(35,'2022','Q1',2,'2022-02-04'),
(36,'2022','Q1',2,'2022-02-05'),
(37,'2022','Q1',2,'2022-02-06'),
(38,'2022','Q1',2,'2022-02-07'),
(39,'2022','Q1',2,'2022-02-08'),
(40,'2022','Q1',2,'2022-02-09'),
(41,'2022','Q1',2,'2022-02-10'),
(42,'2022','Q1',2,'2022-02-11'),
(43,'2022','Q1',2,'2022-02-12'),
(44,'2022','Q1',2,'2022-02-13'),
(45,'2022','Q1',2,'2022-02-14'),
(46,'2022','Q1',2,'2022-02-15'),
(47,'2022','Q1',2,'2022-02-16'),
(48,'2022','Q1',2,'2022-02-17'),
(49,'2022','Q1',2,'2022-02-18'),
(50,'2022','Q1',2,'2022-02-19'),
(51,'2022','Q1',2,'2022-02-20'),
(52,'2022','Q1',2,'2022-02-21'),
(53,'2022','Q1',2,'2022-02-22'),
(54,'2022','Q1',2,'2022-02-23'),
(55,'2022','Q1',2,'2022-02-24'),
(56,'2022','Q1',2,'2022-02-25'),
(57,'2022','Q1',2,'2022-02-26'),
(58,'2022','Q1',2,'2022-02-27'),
(59,'2022','Q1',2,'2022-02-28'),
(60,'2022','Q1',3,'2022-03-01'),
(61,'2022','Q1',3,'2022-03-02'),
(62,'2022','Q1',3,'2022-03-03'),
(63,'2022','Q1',3,'2022-03-04'),
(64,'2022','Q1',3,'2022-03-05'),
(65,'2022','Q1',3,'2022-03-06'),
(66,'2022','Q1',3,'2022-03-07'),
(67,'2022','Q1',3,'2022-03-08'),
(68,'2022','Q1',3,'2022-03-09'),
(69,'2022','Q1',3,'2022-03-10'),
(70,'2022','Q1',3,'2022-03-11'),
(71,'2022','Q1',3,'2022-03-12'),
(72,'2022','Q1',3,'2022-03-13'),
(73,'2022','Q1',3,'2022-03-14'),
(74,'2022','Q1',3,'2022-03-15'),
(75,'2022','Q1',3,'2022-03-16'),
(76,'2022','Q1',3,'2022-03-17'),
(77,'2022','Q1',3,'2022-03-18'),
(78,'2022','Q1',3,'2022-03-19'),
(79,'2022','Q1',3,'2022-03-20'),
(80,'2022','Q1',3,'2022-03-21'),
(81,'2022','Q1',3,'2022-03-22'),
(82,'2022','Q1',3,'2022-03-23'),
(83,'2022','Q1',3,'2022-03-24'),
(84,'2022','Q1',3,'2022-03-25'),
(85,'2022','Q1',3,'2022-03-26'),
(86,'2022','Q1',3,'2022-03-27'),
(87,'2022','Q1',3,'2022-03-28'),
(88,'2022','Q1',3,'2022-03-29'),
(89,'2022','Q1',3,'2022-03-30'),
(90,'2022','Q1',3,'2022-03-31'),
(91,'2022','Q2',4,'2022-04-01'),
(92,'2022','Q2',4,'2022-04-02'),
(93,'2022','Q2',4,'2022-04-03'),
(94,'2022','Q2',4,'2022-04-04'),
(95,'2022','Q2',4,'2022-04-05'),
(96,'2022','Q2',4,'2022-04-06'),
(97,'2022','Q2',4,'2022-04-07'),
(98,'2022','Q2',4,'2022-04-08'),
(99,'2022','Q2',4,'2022-04-09'),
(100,'2022','Q2',4,'2022-04-10'),
(101,'2022','Q2',4,'2022-04-11'),
(102,'2022','Q2',4,'2022-04-12'),
(103,'2022','Q2',4,'2022-04-13'),
(104,'2022','Q2',4,'2022-04-14'),
(105,'2022','Q2',4,'2022-04-15'),
(106,'2022','Q2',4,'2022-04-16'),
(107,'2022','Q2',4,'2022-04-17'),
(108,'2022','Q2',4,'2022-04-18'),
(109,'2022','Q2',4,'2022-04-19'),
(110,'2022','Q2',4,'2022-04-20'),
(111,'2022','Q2',4,'2022-04-21'),
(112,'2022','Q2',4,'2022-04-22'),
(113,'2022','Q2',4,'2022-04-23'),
(114,'2022','Q2',4,'2022-04-24'),
(115,'2022','Q2',4,'2022-04-25'),
(116,'2022','Q2',4,'2022-04-26'),
(117,'2022','Q2',4,'2022-04-27'),
(118,'2022','Q2',4,'2022-04-28'),
(119,'2022','Q2',4,'2022-04-29'),
(120,'2022','Q2',4,'2022-04-30'),
(121,'2022','Q2',5,'2022-05-01'),
(122,'2022','Q2',5,'2022-05-02'),
(123,'2022','Q2',5,'2022-05-03'),
(124,'2022','Q2',5,'2022-05-04'),
(125,'2022','Q2',5,'2022-05-05'),
(126,'2022','Q2',5,'2022-05-06'),
(127,'2022','Q2',5,'2022-05-07'),
(128,'2022','Q2',5,'2022-05-08'),
(129,'2022','Q2',5,'2022-05-09'),
(130,'2022','Q2',5,'2022-05-10'),
(131,'2022','Q2',5,'2022-05-11'),
(132,'2022','Q2',5,'2022-05-12'),
(133,'2022','Q2',5,'2022-05-13'),
(134,'2022','Q2',5,'2022-05-14'),
(135,'2022','Q2',5,'2022-05-15'),
(136,'2022','Q2',5,'2022-05-16'),
(137,'2022','Q2',5,'2022-05-17'),
(138,'2022','Q2',5,'2022-05-18'),
(139,'2022','Q2',5,'2022-05-19'),
(140,'2022','Q2',5,'2022-05-20'),
(141,'2022','Q2',5,'2022-05-21'),
(142,'2022','Q2',5,'2022-05-22'),
(143,'2022','Q2',5,'2022-05-23'),
(144,'2022','Q2',5,'2022-05-24'),
(145,'2022','Q2',5,'2022-05-25'),
(146,'2022','Q2',5,'2022-05-26'),
(147,'2022','Q2',5,'2022-05-27'),
(148,'2022','Q2',5,'2022-05-28'),
(149,'2022','Q2',5,'2022-05-29'),
(150,'2022','Q2',5,'2022-05-30'),
(151,'2022','Q2',5,'2022-05-31'),
(152,'2022','Q2',6,'2022-06-01'),
(153,'2022','Q2',6,'2022-06-02'),
(154,'2022','Q2',6,'2022-06-03'),
(155,'2022','Q2',6,'2022-06-04'),
(156,'2022','Q2',6,'2022-06-05'),
(157,'2022','Q2',6,'2022-06-06'),
(158,'2022','Q2',6,'2022-06-07'),
(159,'2022','Q2',6,'2022-06-08'),
(160,'2022','Q2',6,'2022-06-09'),
(161,'2022','Q2',6,'2022-06-10'),
(162,'2022','Q2',6,'2022-06-11'),
(163,'2022','Q2',6,'2022-06-12'),
(164,'2022','Q2',6,'2022-06-13'),
(165,'2022','Q2',6,'2022-06-14'),
(166,'2022','Q2',6,'2022-06-15'),
(167,'2022','Q2',6,'2022-06-16'),
(168,'2022','Q2',6,'2022-06-17'),
(169,'2022','Q2',6,'2022-06-18'),
(170,'2022','Q2',6,'2022-06-19'),
(171,'2022','Q2',6,'2022-06-20'),
(172,'2022','Q2',6,'2022-06-21'),
(173,'2022','Q2',6,'2022-06-22'),
(174,'2022','Q2',6,'2022-06-23'),
(175,'2022','Q2',6,'2022-06-24'),
(176,'2022','Q2',6,'2022-06-25'),
(177,'2022','Q2',6,'2022-06-26'),
(178,'2022','Q2',6,'2022-06-27'),
(179,'2022','Q2',6,'2022-06-28'),
(180,'2022','Q2',6,'2022-06-29'),
(181,'2022','Q2',6,'2022-06-30'),
(182,'2022','Q3',7,'2022-07-01'),
(183,'2022','Q3',7,'2022-07-02'),
(184,'2022','Q3',7,'2022-07-03'),
(185,'2022','Q3',7,'2022-07-04'),
(186,'2022','Q3',7,'2022-07-05'),
(187,'2022','Q3',7,'2022-07-06'),
(188,'2022','Q3',7,'2022-07-07'),
(189,'2022','Q3',7,'2022-07-08'),
(190,'2022','Q3',7,'2022-07-09'),
(191,'2022','Q3',7,'2022-07-10'),
(192,'2022','Q3',7,'2022-07-11'),
(193,'2022','Q3',7,'2022-07-12'),
(194,'2022','Q3',7,'2022-07-13'),
(195,'2022','Q3',7,'2022-07-14'),
(196,'2022','Q3',7,'2022-07-15'),
(197,'2022','Q3',7,'2022-07-16'),
(198,'2022','Q3',7,'2022-07-17'),
(199,'2022','Q3',7,'2022-07-18'),
(200,'2022','Q3',7,'2022-07-19'),
(201,'2022','Q3',7,'2022-07-20'),
(202,'2022','Q3',7,'2022-07-21'),
(203,'2022','Q3',7,'2022-07-22'),
(204,'2022','Q3',7,'2022-07-23'),
(205,'2022','Q3',7,'2022-07-24'),
(206,'2022','Q3',7,'2022-07-25'),
(207,'2022','Q3',7,'2022-07-26'),
(208,'2022','Q3',7,'2022-07-27'),
(209,'2022','Q3',7,'2022-07-28'),
(210,'2022','Q3',7,'2022-07-29'),
(211,'2022','Q3',7,'2022-07-30'),
(212,'2022','Q3',7,'2022-07-31'),
(213,'2022','Q3',8,'2022-08-01'),
(214,'2022','Q3',8,'2022-08-02'),
(215,'2022','Q3',8,'2022-08-03'),
(216,'2022','Q3',8,'2022-08-04'),
(217,'2022','Q3',8,'2022-08-05'),
(218,'2022','Q3',8,'2022-08-06'),
(219,'2022','Q3',8,'2022-08-07'),
(220,'2022','Q3',8,'2022-08-08'),
(221,'2022','Q3',8,'2022-08-09'),
(222,'2022','Q3',8,'2022-08-10'),
(223,'2022','Q3',8,'2022-08-11'),
(224,'2022','Q3',8,'2022-08-12'),
(225,'2022','Q3',8,'2022-08-13'),
(226,'2022','Q3',8,'2022-08-14'),
(227,'2022','Q3',8,'2022-08-15'),
(228,'2022','Q3',8,'2022-08-16'),
(229,'2022','Q3',8,'2022-08-17'),
(230,'2022','Q3',8,'2022-08-18'),
(231,'2022','Q3',8,'2022-08-19'),
(232,'2022','Q3',8,'2022-08-20'),
(233,'2022','Q3',8,'2022-08-21'),
(234,'2022','Q3',8,'2022-08-22'),
(235,'2022','Q3',8,'2022-08-23'),
(236,'2022','Q3',8,'2022-08-24'),
(237,'2022','Q3',8,'2022-08-25'),
(238,'2022','Q3',8,'2022-08-26'),
(239,'2022','Q3',8,'2022-08-27'),
(240,'2022','Q3',8,'2022-08-28'),
(241,'2022','Q3',8,'2022-08-29'),
(242,'2022','Q3',8,'2022-08-30'),
(243,'2022','Q3',8,'2022-08-31'),
(244,'2022','Q3',9,'2022-09-01'),
(245,'2022','Q3',9,'2022-09-02'),
(246,'2022','Q3',9,'2022-09-03'),
(247,'2022','Q3',9,'2022-09-04'),
(248,'2022','Q3',9,'2022-09-05'),
(249,'2022','Q3',9,'2022-09-06'),
(250,'2022','Q3',9,'2022-09-07'),
(251,'2022','Q3',9,'2022-09-08'),
(252,'2022','Q3',9,'2022-09-09'),
(253,'2022','Q3',9,'2022-09-10'),
(254,'2022','Q3',9,'2022-09-11'),
(255,'2022','Q3',9,'2022-09-12'),
(256,'2022','Q3',9,'2022-09-13'),
(257,'2022','Q3',9,'2022-09-14'),
(258,'2022','Q3',9,'2022-09-15'),
(259,'2022','Q3',9,'2022-09-16'),
(260,'2022','Q3',9,'2022-09-17'),
(261,'2022','Q3',9,'2022-09-18'),
(262,'2022','Q3',9,'2022-09-19'),
(263,'2022','Q3',9,'2022-09-20'),
(264,'2022','Q3',9,'2022-09-21'),
(265,'2022','Q3',9,'2022-09-22'),
(266,'2022','Q3',9,'2022-09-23'),
(267,'2022','Q3',9,'2022-09-24'),
(268,'2022','Q3',9,'2022-09-25'),
(269,'2022','Q3',9,'2022-09-26'),
(270,'2022','Q3',9,'2022-09-27'),
(271,'2022','Q3',9,'2022-09-28'),
(272,'2022','Q3',9,'2022-09-29'),
(273,'2022','Q3',9,'2022-09-30'),
(274,'2022','Q4',10,'2022-10-01'),
(275,'2022','Q4',10,'2022-10-02'),
(276,'2022','Q4',10,'2022-10-03'),
(277,'2022','Q4',10,'2022-10-04'),
(278,'2022','Q4',10,'2022-10-05'),
(279,'2022','Q4',10,'2022-10-06'),
(280,'2022','Q4',10,'2022-10-07'),
(281,'2022','Q4',10,'2022-10-08'),
(282,'2022','Q4',10,'2022-10-09'),
(283,'2022','Q4',10,'2022-10-10'),
(284,'2022','Q4',10,'2022-10-11'),
(285,'2022','Q4',10,'2022-10-12'),
(286,'2022','Q4',10,'2022-10-13'),
(287,'2022','Q4',10,'2022-10-14'),
(288,'2022','Q4',10,'2022-10-15'),
(289,'2022','Q4',10,'2022-10-16'),
(290,'2022','Q4',10,'2022-10-17'),
(291,'2022','Q4',10,'2022-10-18'),
(292,'2022','Q4',10,'2022-10-19'),
(293,'2022','Q4',10,'2022-10-20'),
(294,'2022','Q4',10,'2022-10-21'),
(295,'2022','Q4',10,'2022-10-22'),
(296,'2022','Q4',10,'2022-10-23'),
(297,'2022','Q4',10,'2022-10-24'),
(298,'2022','Q4',10,'2022-10-25'),
(299,'2022','Q4',10,'2022-10-26'),
(300,'2022','Q4',10,'2022-10-27'),
(301,'2022','Q4',10,'2022-10-28'),
(302,'2022','Q4',10,'2022-10-29'),
(303,'2022','Q4',10,'2022-10-30'),
(304,'2022','Q4',10,'2022-10-31'),
(305,'2022','Q4',11,'2022-11-01'),
(306,'2022','Q4',11,'2022-11-02'),
(307,'2022','Q4',11,'2022-11-03'),
(308,'2022','Q4',11,'2022-11-04'),
(309,'2022','Q4',11,'2022-11-05'),
(310,'2022','Q4',11,'2022-11-06'),
(311,'2022','Q4',11,'2022-11-07'),
(312,'2022','Q4',11,'2022-11-08'),
(313,'2022','Q4',11,'2022-11-09'),
(314,'2022','Q4',11,'2022-11-10'),
(315,'2022','Q4',11,'2022-11-11'),
(316,'2022','Q4',11,'2022-11-12'),
(317,'2022','Q4',11,'2022-11-13'),
(318,'2022','Q4',11,'2022-11-14'),
(319,'2022','Q4',11,'2022-11-15'),
(320,'2022','Q4',11,'2022-11-16'),
(321,'2022','Q4',11,'2022-11-17'),
(322,'2022','Q4',11,'2022-11-18'),
(323,'2022','Q4',11,'2022-11-19'),
(324,'2022','Q4',11,'2022-11-20'),
(325,'2022','Q4',11,'2022-11-21'),
(326,'2022','Q4',11,'2022-11-22'),
(327,'2022','Q4',11,'2022-11-23'),
(328,'2022','Q4',11,'2022-11-24'),
(329,'2022','Q4',11,'2022-11-25'),
(330,'2022','Q4',11,'2022-11-26'),
(331,'2022','Q4',11,'2022-11-27'),
(332,'2022','Q4',11,'2022-11-28'),
(333,'2022','Q4',11,'2022-11-29'),
(334,'2022','Q4',11,'2022-11-30'),
(335,'2022','Q4',12,'2022-12-01'),
(336,'2022','Q4',12,'2022-12-02'),
(337,'2022','Q4',12,'2022-12-03'),
(338,'2022','Q4',12,'2022-12-04'),
(339,'2022','Q4',12,'2022-12-05'),
(340,'2022','Q4',12,'2022-12-06'),
(341,'2022','Q4',12,'2022-12-07'),
(342,'2022','Q4',12,'2022-12-08'),
(343,'2022','Q4',12,'2022-12-09'),
(344,'2022','Q4',12,'2022-12-10'),
(345,'2022','Q4',12,'2022-12-11'),
(346,'2022','Q4',12,'2022-12-12'),
(347,'2022','Q4',12,'2022-12-13'),
(348,'2022','Q4',12,'2022-12-14'),
(349,'2022','Q4',12,'2022-12-15'),
(350,'2022','Q4',12,'2022-12-16'),
(351,'2022','Q4',12,'2022-12-17'),
(352,'2022','Q4',12,'2022-12-18'),
(353,'2022','Q4',12,'2022-12-19'),
(354,'2022','Q4',12,'2022-12-20'),
(355,'2022','Q4',12,'2022-12-21'),
(356,'2022','Q4',12,'2022-12-22'),
(357,'2022','Q4',12,'2022-12-23'),
(358,'2022','Q4',12,'2022-12-24'),
(359,'2022','Q4',12,'2022-12-25'),
(360,'2022','Q4',12,'2022-12-26'),
(361,'2022','Q4',12,'2022-12-27'),
(362,'2022','Q4',12,'2022-12-28'),
(363,'2022','Q4',12,'2022-12-29'),
(364,'2022','Q4',12,'2022-12-30'),
(365,'2022','Q4',12,'2022-12-31'),
(366,'2023','Q1',1,'2023-01-01'),
(367,'2023','Q1',1,'2023-01-02'),
(368,'2023','Q1',1,'2023-01-03'),
(369,'2023','Q1',1,'2023-01-04'),
(370,'2023','Q1',1,'2023-01-05'),
(371,'2023','Q1',1,'2023-01-06'),
(372,'2023','Q1',1,'2023-01-07'),
(373,'2023','Q1',1,'2023-01-08'),
(374,'2023','Q1',1,'2023-01-09'),
(375,'2023','Q1',1,'2023-01-10'),
(376,'2023','Q1',1,'2023-01-11'),
(377,'2023','Q1',1,'2023-01-12'),
(378,'2023','Q1',1,'2023-01-13'),
(379,'2023','Q1',1,'2023-01-14'),
(380,'2023','Q1',1,'2023-01-15'),
(381,'2023','Q1',1,'2023-01-16'),
(382,'2023','Q1',1,'2023-01-17'),
(383,'2023','Q1',1,'2023-01-18'),
(384,'2023','Q1',1,'2023-01-19'),
(385,'2023','Q1',1,'2023-01-20'),
(386,'2023','Q1',1,'2023-01-21'),
(387,'2023','Q1',1,'2023-01-22'),
(388,'2023','Q1',1,'2023-01-23'),
(389,'2023','Q1',1,'2023-01-24'),
(390,'2023','Q1',1,'2023-01-25'),
(391,'2023','Q1',1,'2023-01-26'),
(392,'2023','Q1',1,'2023-01-27'),
(393,'2023','Q1',1,'2023-01-28'),
(394,'2023','Q1',1,'2023-01-29'),
(395,'2023','Q1',1,'2023-01-30'),
(396,'2023','Q1',1,'2023-01-31'),
(397,'2023','Q1',2,'2023-02-01'),
(398,'2023','Q1',2,'2023-02-02'),
(399,'2023','Q1',2,'2023-02-03'),
(400,'2023','Q1',2,'2023-02-04'),
(401,'2023','Q1',2,'2023-02-05'),
(402,'2023','Q1',2,'2023-02-06'),
(403,'2023','Q1',2,'2023-02-07'),
(404,'2023','Q1',2,'2023-02-08'),
(405,'2023','Q1',2,'2023-02-09'),
(406,'2023','Q1',2,'2023-02-10'),
(407,'2023','Q1',2,'2023-02-11'),
(408,'2023','Q1',2,'2023-02-12'),
(409,'2023','Q1',2,'2023-02-13'),
(410,'2023','Q1',2,'2023-02-14'),
(411,'2023','Q1',2,'2023-02-15'),
(412,'2023','Q1',2,'2023-02-16'),
(413,'2023','Q1',2,'2023-02-17'),
(414,'2023','Q1',2,'2023-02-18'),
(415,'2023','Q1',2,'2023-02-19'),
(416,'2023','Q1',2,'2023-02-20'),
(417,'2023','Q1',2,'2023-02-21'),
(418,'2023','Q1',2,'2023-02-22'),
(419,'2023','Q1',2,'2023-02-23'),
(420,'2023','Q1',2,'2023-02-24'),
(421,'2023','Q1',2,'2023-02-25'),
(422,'2023','Q1',2,'2023-02-26'),
(423,'2023','Q1',2,'2023-02-27'),
(424,'2023','Q1',2,'2023-02-28'),
(425,'2023','Q1',3,'2023-03-01'),
(426,'2023','Q1',3,'2023-03-02'),
(427,'2023','Q1',3,'2023-03-03'),
(428,'2023','Q1',3,'2023-03-04'),
(429,'2023','Q1',3,'2023-03-05'),
(430,'2023','Q1',3,'2023-03-06'),
(431,'2023','Q1',3,'2023-03-07'),
(432,'2023','Q1',3,'2023-03-08'),
(433,'2023','Q1',3,'2023-03-09'),
(434,'2023','Q1',3,'2023-03-10'),
(435,'2023','Q1',3,'2023-03-11'),
(436,'2023','Q1',3,'2023-03-12'),
(437,'2023','Q1',3,'2023-03-13'),
(438,'2023','Q1',3,'2023-03-14'),
(439,'2023','Q1',3,'2023-03-15'),
(440,'2023','Q1',3,'2023-03-16'),
(441,'2023','Q1',3,'2023-03-17'),
(442,'2023','Q1',3,'2023-03-18'),
(443,'2023','Q1',3,'2023-03-19'),
(444,'2023','Q1',3,'2023-03-20'),
(445,'2023','Q1',3,'2023-03-21'),
(446,'2023','Q1',3,'2023-03-22'),
(447,'2023','Q1',3,'2023-03-23'),
(448,'2023','Q1',3,'2023-03-24'),
(449,'2023','Q1',3,'2023-03-25'),
(450,'2023','Q1',3,'2023-03-26'),
(451,'2023','Q1',3,'2023-03-27'),
(452,'2023','Q1',3,'2023-03-28'),
(453,'2023','Q1',3,'2023-03-29'),
(454,'2023','Q1',3,'2023-03-30'),
(455,'2023','Q1',3,'2023-03-31'),
(456,'2023','Q2',4,'2023-04-01'),
(457,'2023','Q2',4,'2023-04-02'),
(458,'2023','Q2',4,'2023-04-03'),
(459,'2023','Q2',4,'2023-04-04'),
(460,'2023','Q2',4,'2023-04-05'),
(461,'2023','Q2',4,'2023-04-06'),
(462,'2023','Q2',4,'2023-04-07'),
(463,'2023','Q2',4,'2023-04-08'),
(464,'2023','Q2',4,'2023-04-09'),
(465,'2023','Q2',4,'2023-04-10'),
(466,'2023','Q2',4,'2023-04-11'),
(467,'2023','Q2',4,'2023-04-12'),
(468,'2023','Q2',4,'2023-04-13'),
(469,'2023','Q2',4,'2023-04-14'),
(470,'2023','Q2',4,'2023-04-15'),
(471,'2023','Q2',4,'2023-04-16'),
(472,'2023','Q2',4,'2023-04-17'),
(473,'2023','Q2',4,'2023-04-18'),
(474,'2023','Q2',4,'2023-04-19'),
(475,'2023','Q2',4,'2023-04-20'),
(476,'2023','Q2',4,'2023-04-21'),
(477,'2023','Q2',4,'2023-04-22'),
(478,'2023','Q2',4,'2023-04-23'),
(479,'2023','Q2',4,'2023-04-24'),
(480,'2023','Q2',4,'2023-04-25'),
(481,'2023','Q2',4,'2023-04-26'),
(482,'2023','Q2',4,'2023-04-27'),
(483,'2023','Q2',4,'2023-04-28'),
(484,'2023','Q2',4,'2023-04-29'),
(485,'2023','Q2',4,'2023-04-30'),
(486,'2023','Q2',5,'2023-05-01'),
(487,'2023','Q2',5,'2023-05-02'),
(488,'2023','Q2',5,'2023-05-03'),
(489,'2023','Q2',5,'2023-05-04'),
(490,'2023','Q2',5,'2023-05-05'),
(491,'2023','Q2',5,'2023-05-06'),
(492,'2023','Q2',5,'2023-05-07'),
(493,'2023','Q2',5,'2023-05-08'),
(494,'2023','Q2',5,'2023-05-09'),
(495,'2023','Q2',5,'2023-05-10'),
(496,'2023','Q2',5,'2023-05-11'),
(497,'2023','Q2',5,'2023-05-12'),
(498,'2023','Q2',5,'2023-05-13'),
(499,'2023','Q2',5,'2023-05-14'),
(500,'2023','Q2',5,'2023-05-15'),
(501,'2023','Q2',5,'2023-05-16'),
(502,'2023','Q2',5,'2023-05-17'),
(503,'2023','Q2',5,'2023-05-18'),
(504,'2023','Q2',5,'2023-05-19'),
(505,'2023','Q2',5,'2023-05-20'),
(506,'2023','Q2',5,'2023-05-21'),
(507,'2023','Q2',5,'2023-05-22'),
(508,'2023','Q2',5,'2023-05-23'),
(509,'2023','Q2',5,'2023-05-24'),
(510,'2023','Q2',5,'2023-05-25'),
(511,'2023','Q2',5,'2023-05-26'),
(512,'2023','Q2',5,'2023-05-27'),
(513,'2023','Q2',5,'2023-05-28'),
(514,'2023','Q2',5,'2023-05-29'),
(515,'2023','Q2',5,'2023-05-30'),
(516,'2023','Q2',5,'2023-05-31'),
(517,'2023','Q2',6,'2023-06-01'),
(518,'2023','Q2',6,'2023-06-02'),
(519,'2023','Q2',6,'2023-06-03'),
(520,'2023','Q2',6,'2023-06-04'),
(521,'2023','Q2',6,'2023-06-05'),
(522,'2023','Q2',6,'2023-06-06'),
(523,'2023','Q2',6,'2023-06-07'),
(524,'2023','Q2',6,'2023-06-08'),
(525,'2023','Q2',6,'2023-06-09'),
(526,'2023','Q2',6,'2023-06-10'),
(527,'2023','Q2',6,'2023-06-11'),
(528,'2023','Q2',6,'2023-06-12'),
(529,'2023','Q2',6,'2023-06-13'),
(530,'2023','Q2',6,'2023-06-14'),
(531,'2023','Q2',6,'2023-06-15'),
(532,'2023','Q2',6,'2023-06-16'),
(533,'2023','Q2',6,'2023-06-17'),
(534,'2023','Q2',6,'2023-06-18'),
(535,'2023','Q2',6,'2023-06-19'),
(536,'2023','Q2',6,'2023-06-20'),
(537,'2023','Q2',6,'2023-06-21'),
(538,'2023','Q2',6,'2023-06-22'),
(539,'2023','Q2',6,'2023-06-23'),
(540,'2023','Q2',6,'2023-06-24'),
(541,'2023','Q2',6,'2023-06-25'),
(542,'2023','Q2',6,'2023-06-26'),
(543,'2023','Q2',6,'2023-06-27'),
(544,'2023','Q2',6,'2023-06-28'),
(545,'2023','Q2',6,'2023-06-29'),
(546,'2023','Q2',6,'2023-06-30'),
(547,'2023','Q3',7,'2023-07-01'),
(548,'2023','Q3',7,'2023-07-02'),
(549,'2023','Q3',7,'2023-07-03'),
(550,'2023','Q3',7,'2023-07-04'),
(551,'2023','Q3',7,'2023-07-05'),
(552,'2023','Q3',7,'2023-07-06'),
(553,'2023','Q3',7,'2023-07-07'),
(554,'2023','Q3',7,'2023-07-08'),
(555,'2023','Q3',7,'2023-07-09'),
(556,'2023','Q3',7,'2023-07-10'),
(557,'2023','Q3',7,'2023-07-11'),
(558,'2023','Q3',7,'2023-07-12'),
(559,'2023','Q3',7,'2023-07-13'),
(560,'2023','Q3',7,'2023-07-14'),
(561,'2023','Q3',7,'2023-07-15'),
(562,'2023','Q3',7,'2023-07-16'),
(563,'2023','Q3',7,'2023-07-17'),
(564,'2023','Q3',7,'2023-07-18'),
(565,'2023','Q3',7,'2023-07-19'),
(566,'2023','Q3',7,'2023-07-20'),
(567,'2023','Q3',7,'2023-07-21'),
(568,'2023','Q3',7,'2023-07-22'),
(569,'2023','Q3',7,'2023-07-23'),
(570,'2023','Q3',7,'2023-07-24'),
(571,'2023','Q3',7,'2023-07-25'),
(572,'2023','Q3',7,'2023-07-26'),
(573,'2023','Q3',7,'2023-07-27'),
(574,'2023','Q3',7,'2023-07-28'),
(575,'2023','Q3',7,'2023-07-29'),
(576,'2023','Q3',7,'2023-07-30'),
(577,'2023','Q3',7,'2023-07-31'),
(578,'2023','Q3',8,'2023-08-01'),
(579,'2023','Q3',8,'2023-08-02'),
(580,'2023','Q3',8,'2023-08-03'),
(581,'2023','Q3',8,'2023-08-04'),
(582,'2023','Q3',8,'2023-08-05'),
(583,'2023','Q3',8,'2023-08-06'),
(584,'2023','Q3',8,'2023-08-07'),
(585,'2023','Q3',8,'2023-08-08'),
(586,'2023','Q3',8,'2023-08-09'),
(587,'2023','Q3',8,'2023-08-10'),
(588,'2023','Q3',8,'2023-08-11'),
(589,'2023','Q3',8,'2023-08-12'),
(590,'2023','Q3',8,'2023-08-13'),
(591,'2023','Q3',8,'2023-08-14'),
(592,'2023','Q3',8,'2023-08-15'),
(593,'2023','Q3',8,'2023-08-16'),
(594,'2023','Q3',8,'2023-08-17'),
(595,'2023','Q3',8,'2023-08-18'),
(596,'2023','Q3',8,'2023-08-19'),
(597,'2023','Q3',8,'2023-08-20'),
(598,'2023','Q3',8,'2023-08-21'),
(599,'2023','Q3',8,'2023-08-22'),
(600,'2023','Q3',8,'2023-08-23'),
(601,'2023','Q3',8,'2023-08-24'),
(602,'2023','Q3',8,'2023-08-25'),
(603,'2023','Q3',8,'2023-08-26'),
(604,'2023','Q3',8,'2023-08-27'),
(605,'2023','Q3',8,'2023-08-28'),
(606,'2023','Q3',8,'2023-08-29'),
(607,'2023','Q3',8,'2023-08-30'),
(608,'2023','Q3',8,'2023-08-31'),
(609,'2023','Q3',9,'2023-09-01'),
(610,'2023','Q3',9,'2023-09-02'),
(611,'2023','Q3',9,'2023-09-03'),
(612,'2023','Q3',9,'2023-09-04'),
(613,'2023','Q3',9,'2023-09-05'),
(614,'2023','Q3',9,'2023-09-06'),
(615,'2023','Q3',9,'2023-09-07'),
(616,'2023','Q3',9,'2023-09-08'),
(617,'2023','Q3',9,'2023-09-09'),
(618,'2023','Q3',9,'2023-09-10'),
(619,'2023','Q3',9,'2023-09-11'),
(620,'2023','Q3',9,'2023-09-12'),
(621,'2023','Q3',9,'2023-09-13'),
(622,'2023','Q3',9,'2023-09-14'),
(623,'2023','Q3',9,'2023-09-15'),
(624,'2023','Q3',9,'2023-09-16'),
(625,'2023','Q3',9,'2023-09-17'),
(626,'2023','Q3',9,'2023-09-18'),
(627,'2023','Q3',9,'2023-09-19'),
(628,'2023','Q3',9,'2023-09-20'),
(629,'2023','Q3',9,'2023-09-21'),
(630,'2023','Q3',9,'2023-09-22'),
(631,'2023','Q3',9,'2023-09-23'),
(632,'2023','Q3',9,'2023-09-24'),
(633,'2023','Q3',9,'2023-09-25'),
(634,'2023','Q3',9,'2023-09-26'),
(635,'2023','Q3',9,'2023-09-27'),
(636,'2023','Q3',9,'2023-09-28'),
(637,'2023','Q3',9,'2023-09-29'),
(638,'2023','Q3',9,'2023-09-30'),
(639,'2023','Q4',10,'2023-10-01'),
(640,'2023','Q4',10,'2023-10-02'),
(641,'2023','Q4',10,'2023-10-03'),
(642,'2023','Q4',10,'2023-10-04'),
(643,'2023','Q4',10,'2023-10-05'),
(644,'2023','Q4',10,'2023-10-06'),
(645,'2023','Q4',10,'2023-10-07'),
(646,'2023','Q4',10,'2023-10-08'),
(647,'2023','Q4',10,'2023-10-09'),
(648,'2023','Q4',10,'2023-10-10'),
(649,'2023','Q4',10,'2023-10-11'),
(650,'2023','Q4',10,'2023-10-12'),
(651,'2023','Q4',10,'2023-10-13'),
(652,'2023','Q4',10,'2023-10-14'),
(653,'2023','Q4',10,'2023-10-15'),
(654,'2023','Q4',10,'2023-10-16'),
(655,'2023','Q4',10,'2023-10-17'),
(656,'2023','Q4',10,'2023-10-18'),
(657,'2023','Q4',10,'2023-10-19'),
(658,'2023','Q4',10,'2023-10-20'),
(659,'2023','Q4',10,'2023-10-21'),
(660,'2023','Q4',10,'2023-10-22'),
(661,'2023','Q4',10,'2023-10-23'),
(662,'2023','Q4',10,'2023-10-24'),
(663,'2023','Q4',10,'2023-10-25'),
(664,'2023','Q4',10,'2023-10-26'),
(665,'2023','Q4',10,'2023-10-27'),
(666,'2023','Q4',10,'2023-10-28'),
(667,'2023','Q4',10,'2023-10-29'),
(668,'2023','Q4',10,'2023-10-30'),
(669,'2023','Q4',10,'2023-10-31'),
(670,'2023','Q4',11,'2023-11-01'),
(671,'2023','Q4',11,'2023-11-02'),
(672,'2023','Q4',11,'2023-11-03'),
(673,'2023','Q4',11,'2023-11-04'),
(674,'2023','Q4',11,'2023-11-05'),
(675,'2023','Q4',11,'2023-11-06'),
(676,'2023','Q4',11,'2023-11-07'),
(677,'2023','Q4',11,'2023-11-08'),
(678,'2023','Q4',11,'2023-11-09'),
(679,'2023','Q4',11,'2023-11-10'),
(680,'2023','Q4',11,'2023-11-11'),
(681,'2023','Q4',11,'2023-11-12'),
(682,'2023','Q4',11,'2023-11-13'),
(683,'2023','Q4',11,'2023-11-14'),
(684,'2023','Q4',11,'2023-11-15'),
(685,'2023','Q4',11,'2023-11-16'),
(686,'2023','Q4',11,'2023-11-17'),
(687,'2023','Q4',11,'2023-11-18'),
(688,'2023','Q4',11,'2023-11-19'),
(689,'2023','Q4',11,'2023-11-20'),
(690,'2023','Q4',11,'2023-11-21'),
(691,'2023','Q4',11,'2023-11-22'),
(692,'2023','Q4',11,'2023-11-23'),
(693,'2023','Q4',11,'2023-11-24'),
(694,'2023','Q4',11,'2023-11-25'),
(695,'2023','Q4',11,'2023-11-26'),
(696,'2023','Q4',11,'2023-11-27'),
(697,'2023','Q4',11,'2023-11-28'),
(698,'2023','Q4',11,'2023-11-29'),
(699,'2023','Q4',11,'2023-11-30'),
(700,'2023','Q4',12,'2023-12-01'),
(701,'2023','Q4',12,'2023-12-02'),
(702,'2023','Q4',12,'2023-12-03'),
(703,'2023','Q4',12,'2023-12-04'),
(704,'2023','Q4',12,'2023-12-05'),
(705,'2023','Q4',12,'2023-12-06'),
(706,'2023','Q4',12,'2023-12-07'),
(707,'2023','Q4',12,'2023-12-08'),
(708,'2023','Q4',12,'2023-12-09'),
(709,'2023','Q4',12,'2023-12-10'),
(710,'2023','Q4',12,'2023-12-11'),
(711,'2023','Q4',12,'2023-12-12'),
(712,'2023','Q4',12,'2023-12-13'),
(713,'2023','Q4',12,'2023-12-14'),
(714,'2023','Q4',12,'2023-12-15'),
(715,'2023','Q4',12,'2023-12-16'),
(716,'2023','Q4',12,'2023-12-17'),
(717,'2023','Q4',12,'2023-12-18'),
(718,'2023','Q4',12,'2023-12-19'),
(719,'2023','Q4',12,'2023-12-20'),
(720,'2023','Q4',12,'2023-12-21'),
(721,'2023','Q4',12,'2023-12-22'),
(722,'2023','Q4',12,'2023-12-23'),
(723,'2023','Q4',12,'2023-12-24'),
(724,'2023','Q4',12,'2023-12-25'),
(725,'2023','Q4',12,'2023-12-26'),
(726,'2023','Q4',12,'2023-12-27'),
(727,'2023','Q4',12,'2023-12-28'),
(728,'2023','Q4',12,'2023-12-29'),
(729,'2023','Q4',12,'2023-12-30'),
(730,'2023','Q4',12,'2023-12-31'),
(731,'2024','Q1',1,'2024-01-01'),
(732,'2024','Q1',1,'2024-01-02'),
(733,'2024','Q1',1,'2024-01-03'),
(734,'2024','Q1',1,'2024-01-04'),
(735,'2024','Q1',1,'2024-01-05'),
(736,'2024','Q1',1,'2024-01-06'),
(737,'2024','Q1',1,'2024-01-07'),
(738,'2024','Q1',1,'2024-01-08'),
(739,'2024','Q1',1,'2024-01-09'),
(740,'2024','Q1',1,'2024-01-10'),
(741,'2024','Q1',1,'2024-01-11'),
(742,'2024','Q1',1,'2024-01-12'),
(743,'2024','Q1',1,'2024-01-13'),
(744,'2024','Q1',1,'2024-01-14'),
(745,'2024','Q1',1,'2024-01-15'),
(746,'2024','Q1',1,'2024-01-16'),
(747,'2024','Q1',1,'2024-01-17'),
(748,'2024','Q1',1,'2024-01-18'),
(749,'2024','Q1',1,'2024-01-19'),
(750,'2024','Q1',1,'2024-01-20'),
(751,'2024','Q1',1,'2024-01-21'),
(752,'2024','Q1',1,'2024-01-22'),
(753,'2024','Q1',1,'2024-01-23'),
(754,'2024','Q1',1,'2024-01-24'),
(755,'2024','Q1',1,'2024-01-25'),
(756,'2024','Q1',1,'2024-01-26'),
(757,'2024','Q1',1,'2024-01-27'),
(758,'2024','Q1',1,'2024-01-28'),
(759,'2024','Q1',1,'2024-01-29'),
(760,'2024','Q1',1,'2024-01-30'),
(761,'2024','Q1',1,'2024-01-31'),
(762,'2024','Q1',2,'2024-02-01'),
(763,'2024','Q1',2,'2024-02-02'),
(764,'2024','Q1',2,'2024-02-03'),
(765,'2024','Q1',2,'2024-02-04'),
(766,'2024','Q1',2,'2024-02-05'),
(767,'2024','Q1',2,'2024-02-06'),
(768,'2024','Q1',2,'2024-02-07'),
(769,'2024','Q1',2,'2024-02-08'),
(770,'2024','Q1',2,'2024-02-09'),
(771,'2024','Q1',2,'2024-02-10'),
(772,'2024','Q1',2,'2024-02-11'),
(773,'2024','Q1',2,'2024-02-12'),
(774,'2024','Q1',2,'2024-02-13'),
(775,'2024','Q1',2,'2024-02-14'),
(776,'2024','Q1',2,'2024-02-15'),
(777,'2024','Q1',2,'2024-02-16'),
(778,'2024','Q1',2,'2024-02-17'),
(779,'2024','Q1',2,'2024-02-18'),
(780,'2024','Q1',2,'2024-02-19'),
(781,'2024','Q1',2,'2024-02-20'),
(782,'2024','Q1',2,'2024-02-21'),
(783,'2024','Q1',2,'2024-02-22'),
(784,'2024','Q1',2,'2024-02-23'),
(785,'2024','Q1',2,'2024-02-24'),
(786,'2024','Q1',2,'2024-02-25'),
(787,'2024','Q1',2,'2024-02-26'),
(788,'2024','Q1',2,'2024-02-27'),
(789,'2024','Q1',2,'2024-02-28'),
(790,'2024','Q1',2,'2024-02-29'),
(791,'2024','Q1',3,'2024-03-01'),
(792,'2024','Q1',3,'2024-03-02'),
(793,'2024','Q1',3,'2024-03-03'),
(794,'2024','Q1',3,'2024-03-04'),
(795,'2024','Q1',3,'2024-03-05'),
(796,'2024','Q1',3,'2024-03-06'),
(797,'2024','Q1',3,'2024-03-07'),
(798,'2024','Q1',3,'2024-03-08'),
(799,'2024','Q1',3,'2024-03-09'),
(800,'2024','Q1',3,'2024-03-10'),
(801,'2024','Q1',3,'2024-03-11'),
(802,'2024','Q1',3,'2024-03-12'),
(803,'2024','Q1',3,'2024-03-13'),
(804,'2024','Q1',3,'2024-03-14'),
(805,'2024','Q1',3,'2024-03-15'),
(806,'2024','Q1',3,'2024-03-16'),
(807,'2024','Q1',3,'2024-03-17'),
(808,'2024','Q1',3,'2024-03-18'),
(809,'2024','Q1',3,'2024-03-19'),
(810,'2024','Q1',3,'2024-03-20'),
(811,'2024','Q1',3,'2024-03-21'),
(812,'2024','Q1',3,'2024-03-22'),
(813,'2024','Q1',3,'2024-03-23'),
(814,'2024','Q1',3,'2024-03-24'),
(815,'2024','Q1',3,'2024-03-25'),
(816,'2024','Q1',3,'2024-03-26'),
(817,'2024','Q1',3,'2024-03-27'),
(818,'2024','Q1',3,'2024-03-28'),
(819,'2024','Q1',3,'2024-03-29'),
(820,'2024','Q1',3,'2024-03-30'),
(821,'2024','Q1',3,'2024-03-31'),
(822,'2024','Q2',4,'2024-04-01'),
(823,'2024','Q2',4,'2024-04-02'),
(824,'2024','Q2',4,'2024-04-03'),
(825,'2024','Q2',4,'2024-04-04'),
(826,'2024','Q2',4,'2024-04-05'),
(827,'2024','Q2',4,'2024-04-06'),
(828,'2024','Q2',4,'2024-04-07'),
(829,'2024','Q2',4,'2024-04-08'),
(830,'2024','Q2',4,'2024-04-09'),
(831,'2024','Q2',4,'2024-04-10'),
(832,'2024','Q2',4,'2024-04-11'),
(833,'2024','Q2',4,'2024-04-12'),
(834,'2024','Q2',4,'2024-04-13'),
(835,'2024','Q2',4,'2024-04-14'),
(836,'2024','Q2',4,'2024-04-15'),
(837,'2024','Q2',4,'2024-04-16'),
(838,'2024','Q2',4,'2024-04-17'),
(839,'2024','Q2',4,'2024-04-18'),
(840,'2024','Q2',4,'2024-04-19'),
(841,'2024','Q2',4,'2024-04-20'),
(842,'2024','Q2',4,'2024-04-21'),
(843,'2024','Q2',4,'2024-04-22'),
(844,'2024','Q2',4,'2024-04-23'),
(845,'2024','Q2',4,'2024-04-24'),
(846,'2024','Q2',4,'2024-04-25'),
(847,'2024','Q2',4,'2024-04-26'),
(848,'2024','Q2',4,'2024-04-27'),
(849,'2024','Q2',4,'2024-04-28'),
(850,'2024','Q2',4,'2024-04-29'),
(851,'2024','Q2',4,'2024-04-30'),
(852,'2024','Q2',5,'2024-05-01'),
(853,'2024','Q2',5,'2024-05-02'),
(854,'2024','Q2',5,'2024-05-03'),
(855,'2024','Q2',5,'2024-05-04'),
(856,'2024','Q2',5,'2024-05-05'),
(857,'2024','Q2',5,'2024-05-06'),
(858,'2024','Q2',5,'2024-05-07'),
(859,'2024','Q2',5,'2024-05-08'),
(860,'2024','Q2',5,'2024-05-09'),
(861,'2024','Q2',5,'2024-05-10'),
(862,'2024','Q2',5,'2024-05-11'),
(863,'2024','Q2',5,'2024-05-12'),
(864,'2024','Q2',5,'2024-05-13'),
(865,'2024','Q2',5,'2024-05-14'),
(866,'2024','Q2',5,'2024-05-15'),
(867,'2024','Q2',5,'2024-05-16'),
(868,'2024','Q2',5,'2024-05-17'),
(869,'2024','Q2',5,'2024-05-18'),
(870,'2024','Q2',5,'2024-05-19'),
(871,'2024','Q2',5,'2024-05-20'),
(872,'2024','Q2',5,'2024-05-21'),
(873,'2024','Q2',5,'2024-05-22'),
(874,'2024','Q2',5,'2024-05-23'),
(875,'2024','Q2',5,'2024-05-24'),
(876,'2024','Q2',5,'2024-05-25'),
(877,'2024','Q2',5,'2024-05-26'),
(878,'2024','Q2',5,'2024-05-27'),
(879,'2024','Q2',5,'2024-05-28'),
(880,'2024','Q2',5,'2024-05-29'),
(881,'2024','Q2',5,'2024-05-30'),
(882,'2024','Q2',5,'2024-05-31'),
(883,'2024','Q2',6,'2024-06-01'),
(884,'2024','Q2',6,'2024-06-02'),
(885,'2024','Q2',6,'2024-06-03'),
(886,'2024','Q2',6,'2024-06-04'),
(887,'2024','Q2',6,'2024-06-05'),
(888,'2024','Q2',6,'2024-06-06'),
(889,'2024','Q2',6,'2024-06-07'),
(890,'2024','Q2',6,'2024-06-08'),
(891,'2024','Q2',6,'2024-06-09'),
(892,'2024','Q2',6,'2024-06-10'),
(893,'2024','Q2',6,'2024-06-11'),
(894,'2024','Q2',6,'2024-06-12'),
(895,'2024','Q2',6,'2024-06-13'),
(896,'2024','Q2',6,'2024-06-14'),
(897,'2024','Q2',6,'2024-06-15'),
(898,'2024','Q2',6,'2024-06-16'),
(899,'2024','Q2',6,'2024-06-17'),
(900,'2024','Q2',6,'2024-06-18'),
(901,'2024','Q2',6,'2024-06-19'),
(902,'2024','Q2',6,'2024-06-20'),
(903,'2024','Q2',6,'2024-06-21'),
(904,'2024','Q2',6,'2024-06-22'),
(905,'2024','Q2',6,'2024-06-23'),
(906,'2024','Q2',6,'2024-06-24'),
(907,'2024','Q2',6,'2024-06-25'),
(908,'2024','Q2',6,'2024-06-26'),
(909,'2024','Q2',6,'2024-06-27'),
(910,'2024','Q2',6,'2024-06-28'),
(911,'2024','Q2',6,'2024-06-29'),
(912,'2024','Q2',6,'2024-06-30'),
(913,'2024','Q3',7,'2024-07-01'),
(914,'2024','Q3',7,'2024-07-02'),
(915,'2024','Q3',7,'2024-07-03'),
(916,'2024','Q3',7,'2024-07-04'),
(917,'2024','Q3',7,'2024-07-05'),
(918,'2024','Q3',7,'2024-07-06'),
(919,'2024','Q3',7,'2024-07-07'),
(920,'2024','Q3',7,'2024-07-08'),
(921,'2024','Q3',7,'2024-07-09'),
(922,'2024','Q3',7,'2024-07-10'),
(923,'2024','Q3',7,'2024-07-11'),
(924,'2024','Q3',7,'2024-07-12'),
(925,'2024','Q3',7,'2024-07-13'),
(926,'2024','Q3',7,'2024-07-14'),
(927,'2024','Q3',7,'2024-07-15'),
(928,'2024','Q3',7,'2024-07-16'),
(929,'2024','Q3',7,'2024-07-17'),
(930,'2024','Q3',7,'2024-07-18'),
(931,'2024','Q3',7,'2024-07-19'),
(932,'2024','Q3',7,'2024-07-20'),
(933,'2024','Q3',7,'2024-07-21'),
(934,'2024','Q3',7,'2024-07-22'),
(935,'2024','Q3',7,'2024-07-23'),
(936,'2024','Q3',7,'2024-07-24'),
(937,'2024','Q3',7,'2024-07-25'),
(938,'2024','Q3',7,'2024-07-26'),
(939,'2024','Q3',7,'2024-07-27'),
(940,'2024','Q3',7,'2024-07-28'),
(941,'2024','Q3',7,'2024-07-29'),
(942,'2024','Q3',7,'2024-07-30'),
(943,'2024','Q3',7,'2024-07-31'),
(944,'2024','Q3',8,'2024-08-01'),
(945,'2024','Q3',8,'2024-08-02'),
(946,'2024','Q3',8,'2024-08-03'),
(947,'2024','Q3',8,'2024-08-04'),
(948,'2024','Q3',8,'2024-08-05'),
(949,'2024','Q3',8,'2024-08-06'),
(950,'2024','Q3',8,'2024-08-07'),
(951,'2024','Q3',8,'2024-08-08'),
(952,'2024','Q3',8,'2024-08-09'),
(953,'2024','Q3',8,'2024-08-10'),
(954,'2024','Q3',8,'2024-08-11'),
(955,'2024','Q3',8,'2024-08-12'),
(956,'2024','Q3',8,'2024-08-13'),
(957,'2024','Q3',8,'2024-08-14'),
(958,'2024','Q3',8,'2024-08-15'),
(959,'2024','Q3',8,'2024-08-16'),
(960,'2024','Q3',8,'2024-08-17'),
(961,'2024','Q3',8,'2024-08-18'),
(962,'2024','Q3',8,'2024-08-19'),
(963,'2024','Q3',8,'2024-08-20'),
(964,'2024','Q3',8,'2024-08-21'),
(965,'2024','Q3',8,'2024-08-22'),
(966,'2024','Q3',8,'2024-08-23'),
(967,'2024','Q3',8,'2024-08-24'),
(968,'2024','Q3',8,'2024-08-25'),
(969,'2024','Q3',8,'2024-08-26'),
(970,'2024','Q3',8,'2024-08-27'),
(971,'2024','Q3',8,'2024-08-28'),
(972,'2024','Q3',8,'2024-08-29'),
(973,'2024','Q3',8,'2024-08-30'),
(974,'2024','Q3',8,'2024-08-31'),
(975,'2024','Q3',9,'2024-09-01'),
(976,'2024','Q3',9,'2024-09-02'),
(977,'2024','Q3',9,'2024-09-03'),
(978,'2024','Q3',9,'2024-09-04'),
(979,'2024','Q3',9,'2024-09-05'),
(980,'2024','Q3',9,'2024-09-06'),
(981,'2024','Q3',9,'2024-09-07'),
(982,'2024','Q3',9,'2024-09-08'),
(983,'2024','Q3',9,'2024-09-09'),
(984,'2024','Q3',9,'2024-09-10'),
(985,'2024','Q3',9,'2024-09-11'),
(986,'2024','Q3',9,'2024-09-12'),
(987,'2024','Q3',9,'2024-09-13'),
(988,'2024','Q3',9,'2024-09-14'),
(989,'2024','Q3',9,'2024-09-15'),
(990,'2024','Q3',9,'2024-09-16'),
(991,'2024','Q3',9,'2024-09-17'),
(992,'2024','Q3',9,'2024-09-18'),
(993,'2024','Q3',9,'2024-09-19'),
(994,'2024','Q3',9,'2024-09-20'),
(995,'2024','Q3',9,'2024-09-21'),
(996,'2024','Q3',9,'2024-09-22'),
(997,'2024','Q3',9,'2024-09-23'),
(998,'2024','Q3',9,'2024-09-24'),
(999,'2024','Q3',9,'2024-09-25'),
(1000,'2024','Q3',9,'2024-09-26'),
(1001,'2024','Q3',9,'2024-09-27'),
(1002,'2024','Q3',9,'2024-09-28'),
(1003,'2024','Q3',9,'2024-09-29'),
(1004,'2024','Q3',9,'2024-09-30'),
(1005,'2024','Q4',10,'2024-10-01'),
(1006,'2024','Q4',10,'2024-10-02'),
(1007,'2024','Q4',10,'2024-10-03'),
(1008,'2024','Q4',10,'2024-10-04'),
(1009,'2024','Q4',10,'2024-10-05'),
(1010,'2024','Q4',10,'2024-10-06'),
(1011,'2024','Q4',10,'2024-10-07'),
(1012,'2024','Q4',10,'2024-10-08'),
(1013,'2024','Q4',10,'2024-10-09'),
(1014,'2024','Q4',10,'2024-10-10'),
(1015,'2024','Q4',10,'2024-10-11'),
(1016,'2024','Q4',10,'2024-10-12'),
(1017,'2024','Q4',10,'2024-10-13'),
(1018,'2024','Q4',10,'2024-10-14'),
(1019,'2024','Q4',10,'2024-10-15'),
(1020,'2024','Q4',10,'2024-10-16'),
(1021,'2024','Q4',10,'2024-10-17'),
(1022,'2024','Q4',10,'2024-10-18'),
(1023,'2024','Q4',10,'2024-10-19'),
(1024,'2024','Q4',10,'2024-10-20'),
(1025,'2024','Q4',10,'2024-10-21'),
(1026,'2024','Q4',10,'2024-10-22'),
(1027,'2024','Q4',10,'2024-10-23'),
(1028,'2024','Q4',10,'2024-10-24'),
(1029,'2024','Q4',10,'2024-10-25'),
(1030,'2024','Q4',10,'2024-10-26'),
(1031,'2024','Q4',10,'2024-10-27'),
(1032,'2024','Q4',10,'2024-10-28'),
(1033,'2024','Q4',10,'2024-10-29'),
(1034,'2024','Q4',10,'2024-10-30'),
(1035,'2024','Q4',10,'2024-10-31'),
(1036,'2024','Q4',11,'2024-11-01'),
(1037,'2024','Q4',11,'2024-11-02'),
(1038,'2024','Q4',11,'2024-11-03'),
(1039,'2024','Q4',11,'2024-11-04'),
(1040,'2024','Q4',11,'2024-11-05'),
(1041,'2024','Q4',11,'2024-11-06'),
(1042,'2024','Q4',11,'2024-11-07'),
(1043,'2024','Q4',11,'2024-11-08'),
(1044,'2024','Q4',11,'2024-11-09'),
(1045,'2024','Q4',11,'2024-11-10'),
(1046,'2024','Q4',11,'2024-11-11'),
(1047,'2024','Q4',11,'2024-11-12'),
(1048,'2024','Q4',11,'2024-11-13'),
(1049,'2024','Q4',11,'2024-11-14'),
(1050,'2024','Q4',11,'2024-11-15'),
(1051,'2024','Q4',11,'2024-11-16'),
(1052,'2024','Q4',11,'2024-11-17'),
(1053,'2024','Q4',11,'2024-11-18'),
(1054,'2024','Q4',11,'2024-11-19'),
(1055,'2024','Q4',11,'2024-11-20'),
(1056,'2024','Q4',11,'2024-11-21'),
(1057,'2024','Q4',11,'2024-11-22'),
(1058,'2024','Q4',11,'2024-11-23'),
(1059,'2024','Q4',11,'2024-11-24'),
(1060,'2024','Q4',11,'2024-11-25'),
(1061,'2024','Q4',11,'2024-11-26'),
(1062,'2024','Q4',11,'2024-11-27'),
(1063,'2024','Q4',11,'2024-11-28'),
(1064,'2024','Q4',11,'2024-11-29'),
(1065,'2024','Q4',11,'2024-11-30'),
(1066,'2024','Q4',12,'2024-12-01'),
(1067,'2024','Q4',12,'2024-12-02'),
(1068,'2024','Q4',12,'2024-12-03'),
(1069,'2024','Q4',12,'2024-12-04'),
(1070,'2024','Q4',12,'2024-12-05'),
(1071,'2024','Q4',12,'2024-12-06'),
(1072,'2024','Q4',12,'2024-12-07'),
(1073,'2024','Q4',12,'2024-12-08'),
(1074,'2024','Q4',12,'2024-12-09'),
(1075,'2024','Q4',12,'2024-12-10'),
(1076,'2024','Q4',12,'2024-12-11'),
(1077,'2024','Q4',12,'2024-12-12'),
(1078,'2024','Q4',12,'2024-12-13'),
(1079,'2024','Q4',12,'2024-12-14'),
(1080,'2024','Q4',12,'2024-12-15'),
(1081,'2024','Q4',12,'2024-12-16'),
(1082,'2024','Q4',12,'2024-12-17'),
(1083,'2024','Q4',12,'2024-12-18'),
(1084,'2024','Q4',12,'2024-12-19'),
(1085,'2024','Q4',12,'2024-12-20'),
(1086,'2024','Q4',12,'2024-12-21'),
(1087,'2024','Q4',12,'2024-12-22'),
(1088,'2024','Q4',12,'2024-12-23'),
(1089,'2024','Q4',12,'2024-12-24'),
(1090,'2024','Q4',12,'2024-12-25'),
(1091,'2024','Q4',12,'2024-12-26'),
(1092,'2024','Q4',12,'2024-12-27'),
(1093,'2024','Q4',12,'2024-12-28'),
(1094,'2024','Q4',12,'2024-12-29'),
(1095,'2024','Q4',12,'2024-12-30'),
(1096,'2024','Q4',12,'2024-12-31'),
(1097,'2025','Q1',1,'2025-01-01'),
(1098,'2025','Q1',1,'2025-01-02'),
(1099,'2025','Q1',1,'2025-01-03'),
(1100,'2025','Q1',1,'2025-01-04'),
(1101,'2025','Q1',1,'2025-01-05'),
(1102,'2025','Q1',1,'2025-01-06'),
(1103,'2025','Q1',1,'2025-01-07'),
(1104,'2025','Q1',1,'2025-01-08'),
(1105,'2025','Q1',1,'2025-01-09'),
(1106,'2025','Q1',1,'2025-01-10'),
(1107,'2025','Q1',1,'2025-01-11'),
(1108,'2025','Q1',1,'2025-01-12'),
(1109,'2025','Q1',1,'2025-01-13'),
(1110,'2025','Q1',1,'2025-01-14'),
(1111,'2025','Q1',1,'2025-01-15'),
(1112,'2025','Q1',1,'2025-01-16'),
(1113,'2025','Q1',1,'2025-01-17'),
(1114,'2025','Q1',1,'2025-01-18'),
(1115,'2025','Q1',1,'2025-01-19'),
(1116,'2025','Q1',1,'2025-01-20'),
(1117,'2025','Q1',1,'2025-01-21'),
(1118,'2025','Q1',1,'2025-01-22'),
(1119,'2025','Q1',1,'2025-01-23'),
(1120,'2025','Q1',1,'2025-01-24'),
(1121,'2025','Q1',1,'2025-01-25'),
(1122,'2025','Q1',1,'2025-01-26'),
(1123,'2025','Q1',1,'2025-01-27'),
(1124,'2025','Q1',1,'2025-01-28'),
(1125,'2025','Q1',1,'2025-01-29'),
(1126,'2025','Q1',1,'2025-01-30'),
(1127,'2025','Q1',1,'2025-01-31'),
(1128,'2025','Q1',2,'2025-02-01'),
(1129,'2025','Q1',2,'2025-02-02'),
(1130,'2025','Q1',2,'2025-02-03'),
(1131,'2025','Q1',2,'2025-02-04'),
(1132,'2025','Q1',2,'2025-02-05'),
(1133,'2025','Q1',2,'2025-02-06'),
(1134,'2025','Q1',2,'2025-02-07'),
(1135,'2025','Q1',2,'2025-02-08'),
(1136,'2025','Q1',2,'2025-02-09'),
(1137,'2025','Q1',2,'2025-02-10'),
(1138,'2025','Q1',2,'2025-02-11'),
(1139,'2025','Q1',2,'2025-02-12'),
(1140,'2025','Q1',2,'2025-02-13'),
(1141,'2025','Q1',2,'2025-02-14'),
(1142,'2025','Q1',2,'2025-02-15'),
(1143,'2025','Q1',2,'2025-02-16'),
(1144,'2025','Q1',2,'2025-02-17'),
(1145,'2025','Q1',2,'2025-02-18'),
(1146,'2025','Q1',2,'2025-02-19'),
(1147,'2025','Q1',2,'2025-02-20'),
(1148,'2025','Q1',2,'2025-02-21'),
(1149,'2025','Q1',2,'2025-02-22'),
(1150,'2025','Q1',2,'2025-02-23'),
(1151,'2025','Q1',2,'2025-02-24'),
(1152,'2025','Q1',2,'2025-02-25'),
(1153,'2025','Q1',2,'2025-02-26'),
(1154,'2025','Q1',2,'2025-02-27'),
(1155,'2025','Q1',2,'2025-02-28'),
(1156,'2025','Q1',3,'2025-03-01'),
(1157,'2025','Q1',3,'2025-03-02'),
(1158,'2025','Q1',3,'2025-03-03'),
(1159,'2025','Q1',3,'2025-03-04'),
(1160,'2025','Q1',3,'2025-03-05'),
(1161,'2025','Q1',3,'2025-03-06'),
(1162,'2025','Q1',3,'2025-03-07'),
(1163,'2025','Q1',3,'2025-03-08'),
(1164,'2025','Q1',3,'2025-03-09'),
(1165,'2025','Q1',3,'2025-03-10'),
(1166,'2025','Q1',3,'2025-03-11'),
(1167,'2025','Q1',3,'2025-03-12'),
(1168,'2025','Q1',3,'2025-03-13'),
(1169,'2025','Q1',3,'2025-03-14'),
(1170,'2025','Q1',3,'2025-03-15'),
(1171,'2025','Q1',3,'2025-03-16'),
(1172,'2025','Q1',3,'2025-03-17'),
(1173,'2025','Q1',3,'2025-03-18'),
(1174,'2025','Q1',3,'2025-03-19'),
(1175,'2025','Q1',3,'2025-03-20'),
(1176,'2025','Q1',3,'2025-03-21'),
(1177,'2025','Q1',3,'2025-03-22'),
(1178,'2025','Q1',3,'2025-03-23'),
(1179,'2025','Q1',3,'2025-03-24'),
(1180,'2025','Q1',3,'2025-03-25'),
(1181,'2025','Q1',3,'2025-03-26'),
(1182,'2025','Q1',3,'2025-03-27'),
(1183,'2025','Q1',3,'2025-03-28'),
(1184,'2025','Q1',3,'2025-03-29'),
(1185,'2025','Q1',3,'2025-03-30'),
(1186,'2025','Q1',3,'2025-03-31'),
(1187,'2025','Q2',4,'2025-04-01'),
(1188,'2025','Q2',4,'2025-04-02'),
(1189,'2025','Q2',4,'2025-04-03'),
(1190,'2025','Q2',4,'2025-04-04'),
(1191,'2025','Q2',4,'2025-04-05'),
(1192,'2025','Q2',4,'2025-04-06'),
(1193,'2025','Q2',4,'2025-04-07'),
(1194,'2025','Q2',4,'2025-04-08'),
(1195,'2025','Q2',4,'2025-04-09'),
(1196,'2025','Q2',4,'2025-04-10'),
(1197,'2025','Q2',4,'2025-04-11'),
(1198,'2025','Q2',4,'2025-04-12'),
(1199,'2025','Q2',4,'2025-04-13'),
(1200,'2025','Q2',4,'2025-04-14'),
(1201,'2025','Q2',4,'2025-04-15'),
(1202,'2025','Q2',4,'2025-04-16'),
(1203,'2025','Q2',4,'2025-04-17'),
(1204,'2025','Q2',4,'2025-04-18'),
(1205,'2025','Q2',4,'2025-04-19'),
(1206,'2025','Q2',4,'2025-04-20'),
(1207,'2025','Q2',4,'2025-04-21'),
(1208,'2025','Q2',4,'2025-04-22'),
(1209,'2025','Q2',4,'2025-04-23'),
(1210,'2025','Q2',4,'2025-04-24'),
(1211,'2025','Q2',4,'2025-04-25'),
(1212,'2025','Q2',4,'2025-04-26'),
(1213,'2025','Q2',4,'2025-04-27'),
(1214,'2025','Q2',4,'2025-04-28'),
(1215,'2025','Q2',4,'2025-04-29'),
(1216,'2025','Q2',4,'2025-04-30'),
(1217,'2025','Q2',5,'2025-05-01'),
(1218,'2025','Q2',5,'2025-05-02'),
(1219,'2025','Q2',5,'2025-05-03'),
(1220,'2025','Q2',5,'2025-05-04'),
(1221,'2025','Q2',5,'2025-05-05'),
(1222,'2025','Q2',5,'2025-05-06'),
(1223,'2025','Q2',5,'2025-05-07'),
(1224,'2025','Q2',5,'2025-05-08'),
(1225,'2025','Q2',5,'2025-05-09'),
(1226,'2025','Q2',5,'2025-05-10'),
(1227,'2025','Q2',5,'2025-05-11'),
(1228,'2025','Q2',5,'2025-05-12'),
(1229,'2025','Q2',5,'2025-05-13'),
(1230,'2025','Q2',5,'2025-05-14'),
(1231,'2025','Q2',5,'2025-05-15'),
(1232,'2025','Q2',5,'2025-05-16'),
(1233,'2025','Q2',5,'2025-05-17'),
(1234,'2025','Q2',5,'2025-05-18'),
(1235,'2025','Q2',5,'2025-05-19'),
(1236,'2025','Q2',5,'2025-05-20'),
(1237,'2025','Q2',5,'2025-05-21'),
(1238,'2025','Q2',5,'2025-05-22'),
(1239,'2025','Q2',5,'2025-05-23'),
(1240,'2025','Q2',5,'2025-05-24'),
(1241,'2025','Q2',5,'2025-05-25'),
(1242,'2025','Q2',5,'2025-05-26'),
(1243,'2025','Q2',5,'2025-05-27'),
(1244,'2025','Q2',5,'2025-05-28'),
(1245,'2025','Q2',5,'2025-05-29'),
(1246,'2025','Q2',5,'2025-05-30'),
(1247,'2025','Q2',5,'2025-05-31'),
(1248,'2025','Q2',6,'2025-06-01'),
(1249,'2025','Q2',6,'2025-06-02'),
(1250,'2025','Q2',6,'2025-06-03'),
(1251,'2025','Q2',6,'2025-06-04'),
(1252,'2025','Q2',6,'2025-06-05'),
(1253,'2025','Q2',6,'2025-06-06'),
(1254,'2025','Q2',6,'2025-06-07'),
(1255,'2025','Q2',6,'2025-06-08'),
(1256,'2025','Q2',6,'2025-06-09'),
(1257,'2025','Q2',6,'2025-06-10'),
(1258,'2025','Q2',6,'2025-06-11'),
(1259,'2025','Q2',6,'2025-06-12'),
(1260,'2025','Q2',6,'2025-06-13'),
(1261,'2025','Q2',6,'2025-06-14'),
(1262,'2025','Q2',6,'2025-06-15'),
(1263,'2025','Q2',6,'2025-06-16'),
(1264,'2025','Q2',6,'2025-06-17'),
(1265,'2025','Q2',6,'2025-06-18'),
(1266,'2025','Q2',6,'2025-06-19'),
(1267,'2025','Q2',6,'2025-06-20'),
(1268,'2025','Q2',6,'2025-06-21'),
(1269,'2025','Q2',6,'2025-06-22'),
(1270,'2025','Q2',6,'2025-06-23'),
(1271,'2025','Q2',6,'2025-06-24'),
(1272,'2025','Q2',6,'2025-06-25'),
(1273,'2025','Q2',6,'2025-06-26'),
(1274,'2025','Q2',6,'2025-06-27'),
(1275,'2025','Q2',6,'2025-06-28'),
(1276,'2025','Q2',6,'2025-06-29'),
(1277,'2025','Q2',6,'2025-06-30'),
(1278,'2025','Q3',7,'2025-07-01'),
(1279,'2025','Q3',7,'2025-07-02'),
(1280,'2025','Q3',7,'2025-07-03'),
(1281,'2025','Q3',7,'2025-07-04'),
(1282,'2025','Q3',7,'2025-07-05'),
(1283,'2025','Q3',7,'2025-07-06'),
(1284,'2025','Q3',7,'2025-07-07'),
(1285,'2025','Q3',7,'2025-07-08'),
(1286,'2025','Q3',7,'2025-07-09'),
(1287,'2025','Q3',7,'2025-07-10'),
(1288,'2025','Q3',7,'2025-07-11'),
(1289,'2025','Q3',7,'2025-07-12'),
(1290,'2025','Q3',7,'2025-07-13'),
(1291,'2025','Q3',7,'2025-07-14'),
(1292,'2025','Q3',7,'2025-07-15'),
(1293,'2025','Q3',7,'2025-07-16'),
(1294,'2025','Q3',7,'2025-07-17'),
(1295,'2025','Q3',7,'2025-07-18'),
(1296,'2025','Q3',7,'2025-07-19'),
(1297,'2025','Q3',7,'2025-07-20'),
(1298,'2025','Q3',7,'2025-07-21'),
(1299,'2025','Q3',7,'2025-07-22'),
(1300,'2025','Q3',7,'2025-07-23'),
(1301,'2025','Q3',7,'2025-07-24'),
(1302,'2025','Q3',7,'2025-07-25'),
(1303,'2025','Q3',7,'2025-07-26'),
(1304,'2025','Q3',7,'2025-07-27'),
(1305,'2025','Q3',7,'2025-07-28'),
(1306,'2025','Q3',7,'2025-07-29'),
(1307,'2025','Q3',7,'2025-07-30'),
(1308,'2025','Q3',7,'2025-07-31'),
(1309,'2025','Q3',8,'2025-08-01'),
(1310,'2025','Q3',8,'2025-08-02'),
(1311,'2025','Q3',8,'2025-08-03'),
(1312,'2025','Q3',8,'2025-08-04'),
(1313,'2025','Q3',8,'2025-08-05'),
(1314,'2025','Q3',8,'2025-08-06'),
(1315,'2025','Q3',8,'2025-08-07'),
(1316,'2025','Q3',8,'2025-08-08'),
(1317,'2025','Q3',8,'2025-08-09'),
(1318,'2025','Q3',8,'2025-08-10'),
(1319,'2025','Q3',8,'2025-08-11'),
(1320,'2025','Q3',8,'2025-08-12'),
(1321,'2025','Q3',8,'2025-08-13'),
(1322,'2025','Q3',8,'2025-08-14'),
(1323,'2025','Q3',8,'2025-08-15'),
(1324,'2025','Q3',8,'2025-08-16'),
(1325,'2025','Q3',8,'2025-08-17'),
(1326,'2025','Q3',8,'2025-08-18'),
(1327,'2025','Q3',8,'2025-08-19'),
(1328,'2025','Q3',8,'2025-08-20'),
(1329,'2025','Q3',8,'2025-08-21'),
(1330,'2025','Q3',8,'2025-08-22'),
(1331,'2025','Q3',8,'2025-08-23'),
(1332,'2025','Q3',8,'2025-08-24'),
(1333,'2025','Q3',8,'2025-08-25'),
(1334,'2025','Q3',8,'2025-08-26'),
(1335,'2025','Q3',8,'2025-08-27'),
(1336,'2025','Q3',8,'2025-08-28'),
(1337,'2025','Q3',8,'2025-08-29'),
(1338,'2025','Q3',8,'2025-08-30'),
(1339,'2025','Q3',8,'2025-08-31'),
(1340,'2025','Q3',9,'2025-09-01'),
(1341,'2025','Q3',9,'2025-09-02'),
(1342,'2025','Q3',9,'2025-09-03'),
(1343,'2025','Q3',9,'2025-09-04'),
(1344,'2025','Q3',9,'2025-09-05'),
(1345,'2025','Q3',9,'2025-09-06'),
(1346,'2025','Q3',9,'2025-09-07'),
(1347,'2025','Q3',9,'2025-09-08'),
(1348,'2025','Q3',9,'2025-09-09'),
(1349,'2025','Q3',9,'2025-09-10'),
(1350,'2025','Q3',9,'2025-09-11'),
(1351,'2025','Q3',9,'2025-09-12'),
(1352,'2025','Q3',9,'2025-09-13'),
(1353,'2025','Q3',9,'2025-09-14'),
(1354,'2025','Q3',9,'2025-09-15'),
(1355,'2025','Q3',9,'2025-09-16'),
(1356,'2025','Q3',9,'2025-09-17'),
(1357,'2025','Q3',9,'2025-09-18'),
(1358,'2025','Q3',9,'2025-09-19'),
(1359,'2025','Q3',9,'2025-09-20'),
(1360,'2025','Q3',9,'2025-09-21'),
(1361,'2025','Q3',9,'2025-09-22'),
(1362,'2025','Q3',9,'2025-09-23'),
(1363,'2025','Q3',9,'2025-09-24'),
(1364,'2025','Q3',9,'2025-09-25'),
(1365,'2025','Q3',9,'2025-09-26'),
(1366,'2025','Q3',9,'2025-09-27'),
(1367,'2025','Q3',9,'2025-09-28'),
(1368,'2025','Q3',9,'2025-09-29'),
(1369,'2025','Q3',9,'2025-09-30'),
(1370,'2025','Q4',10,'2025-10-01'),
(1371,'2025','Q4',10,'2025-10-02'),
(1372,'2025','Q4',10,'2025-10-03'),
(1373,'2025','Q4',10,'2025-10-04'),
(1374,'2025','Q4',10,'2025-10-05'),
(1375,'2025','Q4',10,'2025-10-06'),
(1376,'2025','Q4',10,'2025-10-07'),
(1377,'2025','Q4',10,'2025-10-08'),
(1378,'2025','Q4',10,'2025-10-09'),
(1379,'2025','Q4',10,'2025-10-10'),
(1380,'2025','Q4',10,'2025-10-11'),
(1381,'2025','Q4',10,'2025-10-12'),
(1382,'2025','Q4',10,'2025-10-13'),
(1383,'2025','Q4',10,'2025-10-14'),
(1384,'2025','Q4',10,'2025-10-15'),
(1385,'2025','Q4',10,'2025-10-16'),
(1386,'2025','Q4',10,'2025-10-17'),
(1387,'2025','Q4',10,'2025-10-18'),
(1388,'2025','Q4',10,'2025-10-19'),
(1389,'2025','Q4',10,'2025-10-20'),
(1390,'2025','Q4',10,'2025-10-21'),
(1391,'2025','Q4',10,'2025-10-22'),
(1392,'2025','Q4',10,'2025-10-23'),
(1393,'2025','Q4',10,'2025-10-24'),
(1394,'2025','Q4',10,'2025-10-25'),
(1395,'2025','Q4',10,'2025-10-26'),
(1396,'2025','Q4',10,'2025-10-27'),
(1397,'2025','Q4',10,'2025-10-28'),
(1398,'2025','Q4',10,'2025-10-29'),
(1399,'2025','Q4',10,'2025-10-30'),
(1400,'2025','Q4',10,'2025-10-31'),
(1401,'2025','Q4',11,'2025-11-01'),
(1402,'2025','Q4',11,'2025-11-02'),
(1403,'2025','Q4',11,'2025-11-03'),
(1404,'2025','Q4',11,'2025-11-04'),
(1405,'2025','Q4',11,'2025-11-05'),
(1406,'2025','Q4',11,'2025-11-06'),
(1407,'2025','Q4',11,'2025-11-07'),
(1408,'2025','Q4',11,'2025-11-08'),
(1409,'2025','Q4',11,'2025-11-09'),
(1410,'2025','Q4',11,'2025-11-10'),
(1411,'2025','Q4',11,'2025-11-11'),
(1412,'2025','Q4',11,'2025-11-12'),
(1413,'2025','Q4',11,'2025-11-13'),
(1414,'2025','Q4',11,'2025-11-14'),
(1415,'2025','Q4',11,'2025-11-15'),
(1416,'2025','Q4',11,'2025-11-16'),
(1417,'2025','Q4',11,'2025-11-17'),
(1418,'2025','Q4',11,'2025-11-18'),
(1419,'2025','Q4',11,'2025-11-19'),
(1420,'2025','Q4',11,'2025-11-20'),
(1421,'2025','Q4',11,'2025-11-21'),
(1422,'2025','Q4',11,'2025-11-22'),
(1423,'2025','Q4',11,'2025-11-23'),
(1424,'2025','Q4',11,'2025-11-24'),
(1425,'2025','Q4',11,'2025-11-25'),
(1426,'2025','Q4',11,'2025-11-26'),
(1427,'2025','Q4',11,'2025-11-27'),
(1428,'2025','Q4',11,'2025-11-28'),
(1429,'2025','Q4',11,'2025-11-29'),
(1430,'2025','Q4',11,'2025-11-30'),
(1431,'2025','Q4',12,'2025-12-01'),
(1432,'2025','Q4',12,'2025-12-02'),
(1433,'2025','Q4',12,'2025-12-03'),
(1434,'2025','Q4',12,'2025-12-04'),
(1435,'2025','Q4',12,'2025-12-05'),
(1436,'2025','Q4',12,'2025-12-06'),
(1437,'2025','Q4',12,'2025-12-07'),
(1438,'2025','Q4',12,'2025-12-08'),
(1439,'2025','Q4',12,'2025-12-09'),
(1440,'2025','Q4',12,'2025-12-10'),
(1441,'2025','Q4',12,'2025-12-11'),
(1442,'2025','Q4',12,'2025-12-12'),
(1443,'2025','Q4',12,'2025-12-13'),
(1444,'2025','Q4',12,'2025-12-14'),
(1445,'2025','Q4',12,'2025-12-15'),
(1446,'2025','Q4',12,'2025-12-16'),
(1447,'2025','Q4',12,'2025-12-17'),
(1448,'2025','Q4',12,'2025-12-18'),
(1449,'2025','Q4',12,'2025-12-19'),
(1450,'2025','Q4',12,'2025-12-20'),
(1451,'2025','Q4',12,'2025-12-21'),
(1452,'2025','Q4',12,'2025-12-22'),
(1453,'2025','Q4',12,'2025-12-23'),
(1454,'2025','Q4',12,'2025-12-24'),
(1455,'2025','Q4',12,'2025-12-25'),
(1456,'2025','Q4',12,'2025-12-26'),
(1457,'2025','Q4',12,'2025-12-27'),
(1458,'2025','Q4',12,'2025-12-28'),
(1459,'2025','Q4',12,'2025-12-29'),
(1460,'2025','Q4',12,'2025-12-30'),
(1461,'2025','Q4',12,'2025-12-31')
;

-- 14. newsletter seed data
INSERT INTO newsletters (title, content, date, status) VALUES
('Gym Etiquette Reminder', "We want all of our members to feel comfortable and respected while working out in our gym. As a reminder, please wipe down equipment after use, refrain from using your phone during workouts, and be mindful of others around you. Let us all work together to create a positive and supportive gym environment.",'2022-11-01', 0),
('Nutrition Workshop', "Join us for a nutrition workshop led by a registered dietitian. You will learn about healthy eating habits, how to read food labels, and tips for meal planning. This workshop is open to all members and is free of charge. RSVP at the front desk to secure your spot.",'2022-12-01',0),
('Gym Member Spotlight', "We love hearing about our members' fitness journeys and accomplishments. This month, we are featuring John, who has lost over 50 pounds since joining our gym six months ago. Way to go, John! If you have a story to share, please let us know.",'2023-01-01',0),
('Personal Trainer Spotlight', "This month, we are highlighting one of our talented personal trainers, Emily. Emily has a passion for helping people achieve their fitness goals and has extensive knowledge in strength training and functional movement. If you're looking for some one-on-one coaching, book a session with Emily today!",'2023-02-01', 0),
('Nutrition Workshop', "Join us for a nutrition workshop led by a registered dietitian. You will learn about healthy eating habits, how to read food labels, and tips for meal planning. This workshop is open to all members and is free of charge. RSVP at the front desk to secure your spot.",'2023-03-01',1)
;


-- 15. add cancel records (for payment refund)
INSERT INTO transaction (account_id, amount, paytype, BookingAttendance_id, reference, date, created_at) VALUES
(30, -60, 6,  null, "sessionrefund","2023-2-14", "2023-2-14 10:00:00"),
(15, -60, 6,  null, "sessionrefund","2023-2-15", "2023-2-15 12:00:00"),
(32, -60, 6,  null, "sessionrefund","2023-2-16", "2023-2-16 08:00:00"),
(7, -60, 6,  null, "sessionrefund","2023-1-18", "2023-1-18 12:00:00"),
(3, -60, 6,  null, "sessionrefund","2023-1-18", "2023-1-18 10:00:00"),
(14, -60, 6,  null, "sessionrefund","2023-1-18", "2023-1-18 09:00:00")
;